"[run number]","population","vision","sight","familiarity","_start-queue-radius","wider-exits","wider-stairs","one-way-traffic","evacuee-staff","obstacles","dynamic-signs","phased-evacuation","[step]","evac100"
"2","700","60","6","0.2","4","false","false","false","false","false","false","false","213","213"
"7","700","60","6","0.2","4","false","false","false","false","false","false","false","226","226"
"4","700","60","6","0.2","4","false","false","false","false","false","false","false","236","236"
"3","700","60","6","0.2","4","false","false","false","false","false","false","false","218","218"
"6","700","60","6","0.2","4","false","false","false","false","false","false","false","248","248"
"1","700","60","6","0.2","4","false","false","false","false","false","false","false","242","242"
"9","700","60","6","0.2","4","false","false","false","false","false","false","false","224","224"
"5","700","60","6","0.2","4","false","false","false","false","false","false","false","223","223"
"8","700","60","6","0.2","4","false","false","false","false","false","false","false","245","245"
"10","700","60","6","0.2","4","false","false","false","false","false","false","false","211","211"
"11","700","60","6","0.2","4","false","false","false","false","false","false","false","246","246"
"12","700","60","6","0.2","4","false","false","false","false","false","false","false","232","232"
"14","700","60","6","0.2","4","false","false","false","false","false","false","false","219","219"
"17","700","60","6","0.2","4","false","false","false","false","false","false","false","210","210"
"15","700","60","6","0.2","4","false","false","false","false","false","false","false","222","222"
"13","700","60","6","0.2","4","false","false","false","false","false","false","false","241","241"
"16","700","60","6","0.2","4","false","false","false","false","false","false","false","239","239"
"18","700","60","6","0.2","4","false","false","false","false","false","false","false","244","244"
"20","700","60","6","0.2","4","false","false","false","false","false","false","false","227","227"
"21","700","60","6","0.2","4","false","false","false","false","false","false","false","223","223"
"19","700","60","6","0.2","4","false","false","false","false","false","false","false","257","257"
"22","700","60","6","0.2","4","false","false","false","false","false","false","false","220","220"
"23","700","60","6","0.2","4","false","false","false","false","false","false","false","218","218"
"24","700","60","6","0.2","4","false","false","false","false","false","false","false","238","238"
"30","700","60","6","0.2","4","false","false","false","false","false","false","false","221","221"
"25","700","60","6","0.2","4","false","false","false","false","false","false","false","229","229"
"29","700","60","6","0.2","4","false","false","false","false","false","false","false","223","223"
"27","700","60","6","0.2","4","false","false","false","false","false","false","false","249","249"
"28","700","60","6","0.2","4","false","false","false","false","false","false","false","224","224"
"31","700","60","6","0.2","4","false","false","false","false","false","false","false","215","215"
"32","700","60","6","0.2","4","false","false","false","false","false","false","false","232","232"
"26","700","60","6","0.2","4","false","false","false","false","false","false","false","250","250"
"33","700","60","6","0.2","4","false","false","false","false","false","false","false","237","237"
"34","700","60","6","0.2","4","false","false","false","false","false","false","false","243","243"
"35","700","60","6","0.2","4","false","false","false","false","false","false","false","226","226"
"36","700","60","6","0.2","4","false","false","false","false","false","false","false","214","214"
"39","700","60","6","0.2","4","false","false","false","false","false","false","false","230","230"
"37","700","60","6","0.2","4","false","false","false","false","false","false","false","226","226"
"42","700","60","6","0.2","4","false","false","false","false","false","false","false","209","209"
"38","700","60","6","0.2","4","false","false","false","false","false","false","false","239","239"
"41","700","60","6","0.2","4","false","false","false","false","false","false","false","238","238"
"43","700","60","6","0.2","4","false","false","false","false","false","false","false","233","233"
"40","700","60","6","0.2","4","false","false","false","false","false","false","false","213","213"
"45","700","60","6","0.2","4","false","false","false","false","false","false","false","215","215"
"44","700","60","6","0.2","4","false","false","false","false","false","false","false","262","262"
"46","700","60","6","0.2","4","false","false","false","false","false","false","false","251","251"
"47","700","60","6","0.2","4","false","false","false","false","false","false","false","237","237"
"51","700","60","6","0.2","4","false","false","false","false","false","false","false","236","236"
"50","700","60","6","0.2","4","false","false","false","false","false","false","false","246","246"
"49","700","60","6","0.2","4","false","false","false","false","false","false","false","240","240"
"54","700","60","6","0.2","4","false","false","false","false","false","false","false","220","220"
"55","700","60","6","0.2","4","false","false","false","false","false","false","false","224","224"
"52","700","60","6","0.2","4","false","false","false","false","false","false","false","223","223"
"53","700","60","6","0.2","4","false","false","false","false","false","false","false","236","236"
"48","700","60","6","0.2","4","false","false","false","false","false","false","false","234","234"
"56","700","60","6","0.2","4","false","false","false","false","false","false","false","220","220"
"57","700","60","6","0.2","4","false","false","false","false","false","false","false","234","234"
"58","700","60","6","0.2","4","false","false","false","false","false","false","false","231","231"
"59","700","60","6","0.2","4","false","false","false","false","false","false","false","218","218"
"61","700","60","6","0.2","4","false","false","false","false","false","false","false","222","222"
"60","700","60","6","0.2","4","false","false","false","false","false","false","false","234","234"
"62","700","60","6","0.2","4","false","false","false","false","false","false","false","220","220"
"63","700","60","6","0.2","4","false","false","false","false","false","false","false","229","229"
"64","700","60","6","0.2","4","false","false","false","false","false","false","false","216","216"
"65","700","60","6","0.2","4","false","false","false","false","false","false","false","250","250"
"66","700","60","6","0.2","4","false","false","false","false","false","false","false","231","231"
"68","700","60","6","0.2","4","false","false","false","false","false","false","false","242","242"
"69","700","60","6","0.2","4","false","false","false","false","false","false","false","216","216"
"67","700","60","6","0.2","4","false","false","false","false","false","false","false","222","222"
"70","700","60","6","0.2","4","false","false","false","false","false","false","false","222","222"
"71","700","60","6","0.2","4","false","false","false","false","false","false","false","225","225"
"72","700","60","6","0.2","4","false","false","false","false","false","false","false","216","216"
"74","700","60","6","0.2","4","false","false","false","false","false","false","false","238","238"
"75","700","60","6","0.2","4","false","false","false","false","false","false","false","220","220"
"73","700","60","6","0.2","4","false","false","false","false","false","false","false","230","230"
"76","700","60","6","0.2","4","false","false","false","false","false","false","false","232","232"
"77","700","60","6","0.2","4","false","false","false","false","false","false","false","252","252"
"79","700","60","6","0.2","4","false","false","false","false","false","false","false","230","230"
"80","700","60","6","0.2","4","false","false","false","false","false","false","false","228","228"
"78","700","60","6","0.2","4","false","false","false","false","false","false","false","245","245"
"82","700","60","6","0.2","4","false","false","false","false","false","false","false","225","225"
"81","700","60","6","0.2","4","false","false","false","false","false","false","false","212","212"
"84","700","60","6","0.2","4","false","false","false","false","false","false","false","228","228"
"83","700","60","6","0.2","4","false","false","false","false","false","false","false","228","228"
"85","700","60","6","0.2","4","false","false","false","false","false","false","false","213","213"
"86","700","60","6","0.2","4","false","false","false","false","false","false","false","232","232"
"87","700","60","6","0.2","4","false","false","false","false","false","false","false","242","242"
"88","700","60","6","0.2","4","false","false","false","false","false","false","false","232","232"
"89","700","60","6","0.2","4","false","false","false","false","false","false","false","239","239"
"90","700","60","6","0.2","4","false","false","false","false","false","false","false","213","213"
"92","700","60","6","0.2","4","false","false","false","false","false","false","false","223","223"
"91","700","60","6","0.2","4","false","false","false","false","false","false","false","240","240"
"95","700","60","6","0.2","4","false","false","false","false","false","false","false","220","220"
"93","700","60","6","0.2","4","false","false","false","false","false","false","false","247","247"
"101","700","60","6","0.6","4","false","false","false","false","false","false","false","170","170"
"96","700","60","6","0.2","4","false","false","false","false","false","false","false","221","221"
"94","700","60","6","0.2","4","false","false","false","false","false","false","false","230","230"
"97","700","60","6","0.2","4","false","false","false","false","false","false","false","248","248"
"98","700","60","6","0.2","4","false","false","false","false","false","false","false","238","238"
"99","700","60","6","0.2","4","false","false","false","false","false","false","false","239","239"
"102","700","60","6","0.6","4","false","false","false","false","false","false","false","181","181"
"103","700","60","6","0.6","4","false","false","false","false","false","false","false","191","191"
"100","700","60","6","0.2","4","false","false","false","false","false","false","false","244","244"
"104","700","60","6","0.6","4","false","false","false","false","false","false","false","177","177"
"105","700","60","6","0.6","4","false","false","false","false","false","false","false","180","180"
"106","700","60","6","0.6","4","false","false","false","false","false","false","false","173","173"
"110","700","60","6","0.6","4","false","false","false","false","false","false","false","173","173"
"111","700","60","6","0.6","4","false","false","false","false","false","false","false","169","169"
"113","700","60","6","0.6","4","false","false","false","false","false","false","false","182","182"
"107","700","60","6","0.6","4","false","false","false","false","false","false","false","175","175"
"108","700","60","6","0.6","4","false","false","false","false","false","false","false","165","165"
"112","700","60","6","0.6","4","false","false","false","false","false","false","false","171","171"
"115","700","60","6","0.6","4","false","false","false","false","false","false","false","166","166"
"109","700","60","6","0.6","4","false","false","false","false","false","false","false","177","177"
"116","700","60","6","0.6","4","false","false","false","false","false","false","false","165","165"
"114","700","60","6","0.6","4","false","false","false","false","false","false","false","194","194"
"117","700","60","6","0.6","4","false","false","false","false","false","false","false","185","185"
"118","700","60","6","0.6","4","false","false","false","false","false","false","false","177","177"
"119","700","60","6","0.6","4","false","false","false","false","false","false","false","183","183"
"120","700","60","6","0.6","4","false","false","false","false","false","false","false","187","187"
"121","700","60","6","0.6","4","false","false","false","false","false","false","false","176","176"
"124","700","60","6","0.6","4","false","false","false","false","false","false","false","185","185"
"122","700","60","6","0.6","4","false","false","false","false","false","false","false","171","171"
"125","700","60","6","0.6","4","false","false","false","false","false","false","false","172","172"
"123","700","60","6","0.6","4","false","false","false","false","false","false","false","174","174"
"127","700","60","6","0.6","4","false","false","false","false","false","false","false","184","184"
"128","700","60","6","0.6","4","false","false","false","false","false","false","false","179","179"
"129","700","60","6","0.6","4","false","false","false","false","false","false","false","169","169"
"126","700","60","6","0.6","4","false","false","false","false","false","false","false","184","184"
"131","700","60","6","0.6","4","false","false","false","false","false","false","false","171","171"
"132","700","60","6","0.6","4","false","false","false","false","false","false","false","173","173"
"130","700","60","6","0.6","4","false","false","false","false","false","false","false","174","174"
"133","700","60","6","0.6","4","false","false","false","false","false","false","false","176","176"
"134","700","60","6","0.6","4","false","false","false","false","false","false","false","177","177"
"135","700","60","6","0.6","4","false","false","false","false","false","false","false","185","185"
"136","700","60","6","0.6","4","false","false","false","false","false","false","false","175","175"
"137","700","60","6","0.6","4","false","false","false","false","false","false","false","182","182"
"139","700","60","6","0.6","4","false","false","false","false","false","false","false","182","182"
"138","700","60","6","0.6","4","false","false","false","false","false","false","false","187","187"
"140","700","60","6","0.6","4","false","false","false","false","false","false","false","178","178"
"141","700","60","6","0.6","4","false","false","false","false","false","false","false","172","172"
"142","700","60","6","0.6","4","false","false","false","false","false","false","false","176","176"
"143","700","60","6","0.6","4","false","false","false","false","false","false","false","179","179"
"144","700","60","6","0.6","4","false","false","false","false","false","false","false","177","177"
"145","700","60","6","0.6","4","false","false","false","false","false","false","false","175","175"
"146","700","60","6","0.6","4","false","false","false","false","false","false","false","188","188"
"147","700","60","6","0.6","4","false","false","false","false","false","false","false","190","190"
"148","700","60","6","0.6","4","false","false","false","false","false","false","false","178","178"
"151","700","60","6","0.6","4","false","false","false","false","false","false","false","163","163"
"150","700","60","6","0.6","4","false","false","false","false","false","false","false","179","179"
"149","700","60","6","0.6","4","false","false","false","false","false","false","false","175","175"
"152","700","60","6","0.6","4","false","false","false","false","false","false","false","179","179"
"154","700","60","6","0.6","4","false","false","false","false","false","false","false","182","182"
"153","700","60","6","0.6","4","false","false","false","false","false","false","false","169","169"
"155","700","60","6","0.6","4","false","false","false","false","false","false","false","188","188"
"156","700","60","6","0.6","4","false","false","false","false","false","false","false","171","171"
"158","700","60","6","0.6","4","false","false","false","false","false","false","false","174","174"
"157","700","60","6","0.6","4","false","false","false","false","false","false","false","183","183"
"159","700","60","6","0.6","4","false","false","false","false","false","false","false","174","174"
"160","700","60","6","0.6","4","false","false","false","false","false","false","false","180","180"
"161","700","60","6","0.6","4","false","false","false","false","false","false","false","174","174"
"164","700","60","6","0.6","4","false","false","false","false","false","false","false","195","195"
"162","700","60","6","0.6","4","false","false","false","false","false","false","false","195","195"
"163","700","60","6","0.6","4","false","false","false","false","false","false","false","173","173"
"165","700","60","6","0.6","4","false","false","false","false","false","false","false","188","188"
"167","700","60","6","0.6","4","false","false","false","false","false","false","false","182","182"
"169","700","60","6","0.6","4","false","false","false","false","false","false","false","182","182"
"168","700","60","6","0.6","4","false","false","false","false","false","false","false","178","178"
"171","700","60","6","0.6","4","false","false","false","false","false","false","false","182","182"
"172","700","60","6","0.6","4","false","false","false","false","false","false","false","188","188"
"166","700","60","6","0.6","4","false","false","false","false","false","false","false","177","177"
"170","700","60","6","0.6","4","false","false","false","false","false","false","false","183","183"
"173","700","60","6","0.6","4","false","false","false","false","false","false","false","182","182"
"174","700","60","6","0.6","4","false","false","false","false","false","false","false","169","169"
"175","700","60","6","0.6","4","false","false","false","false","false","false","false","176","176"
"176","700","60","6","0.6","4","false","false","false","false","false","false","false","187","187"
"177","700","60","6","0.6","4","false","false","false","false","false","false","false","170","170"
"179","700","60","6","0.6","4","false","false","false","false","false","false","false","189","189"
"178","700","60","6","0.6","4","false","false","false","false","false","false","false","182","182"
"181","700","60","6","0.6","4","false","false","false","false","false","false","false","179","179"
"182","700","60","6","0.6","4","false","false","false","false","false","false","false","182","182"
"184","700","60","6","0.6","4","false","false","false","false","false","false","false","182","182"
"180","700","60","6","0.6","4","false","false","false","false","false","false","false","182","182"
"186","700","60","6","0.6","4","false","false","false","false","false","false","false","177","177"
"185","700","60","6","0.6","4","false","false","false","false","false","false","false","196","196"
"183","700","60","6","0.6","4","false","false","false","false","false","false","false","178","178"
"187","700","60","6","0.6","4","false","false","false","false","false","false","false","181","181"
"188","700","60","6","0.6","4","false","false","false","false","false","false","false","175","175"
"189","700","60","6","0.6","4","false","false","false","false","false","false","false","174","174"
"190","700","60","6","0.6","4","false","false","false","false","false","false","false","184","184"
"192","700","60","6","0.6","4","false","false","false","false","false","false","false","158","158"
"191","700","60","6","0.6","4","false","false","false","false","false","false","false","171","171"
"194","700","60","6","0.6","4","false","false","false","false","false","false","false","178","178"
"193","700","60","6","0.6","4","false","false","false","false","false","false","false","170","170"
"196","700","60","6","0.6","4","false","false","false","false","false","false","false","175","175"
"195","700","60","6","0.6","4","false","false","false","false","false","false","false","177","177"
"197","700","60","6","0.6","4","false","false","false","false","false","false","false","169","169"
"201","700","60","6","1","4","false","false","false","false","false","false","false","165","165"
"199","700","60","6","0.6","4","false","false","false","false","false","false","false","180","180"
"198","700","60","6","0.6","4","false","false","false","false","false","false","false","173","173"
"202","700","60","6","1","4","false","false","false","false","false","false","false","179","179"
"204","700","60","6","1","4","false","false","false","false","false","false","false","168","168"
"206","700","60","6","1","4","false","false","false","false","false","false","false","166","166"
"203","700","60","6","1","4","false","false","false","false","false","false","false","176","176"
"205","700","60","6","1","4","false","false","false","false","false","false","false","164","164"
"200","700","60","6","0.6","4","false","false","false","false","false","false","false","175","175"
"207","700","60","6","1","4","false","false","false","false","false","false","false","173","173"
"210","700","60","6","1","4","false","false","false","false","false","false","false","167","167"
"208","700","60","6","1","4","false","false","false","false","false","false","false","166","166"
"209","700","60","6","1","4","false","false","false","false","false","false","false","189","189"
"211","700","60","6","1","4","false","false","false","false","false","false","false","172","172"
"213","700","60","6","1","4","false","false","false","false","false","false","false","172","172"
"215","700","60","6","1","4","false","false","false","false","false","false","false","162","162"
"214","700","60","6","1","4","false","false","false","false","false","false","false","182","182"
"216","700","60","6","1","4","false","false","false","false","false","false","false","169","169"
"219","700","60","6","1","4","false","false","false","false","false","false","false","171","171"
"217","700","60","6","1","4","false","false","false","false","false","false","false","178","178"
"212","700","60","6","1","4","false","false","false","false","false","false","false","186","186"
"218","700","60","6","1","4","false","false","false","false","false","false","false","176","176"
"220","700","60","6","1","4","false","false","false","false","false","false","false","183","183"
"222","700","60","6","1","4","false","false","false","false","false","false","false","175","175"
"221","700","60","6","1","4","false","false","false","false","false","false","false","183","183"
"223","700","60","6","1","4","false","false","false","false","false","false","false","170","170"
"224","700","60","6","1","4","false","false","false","false","false","false","false","172","172"
"228","700","60","6","1","4","false","false","false","false","false","false","false","170","170"
"225","700","60","6","1","4","false","false","false","false","false","false","false","192","192"
"227","700","60","6","1","4","false","false","false","false","false","false","false","166","166"
"226","700","60","6","1","4","false","false","false","false","false","false","false","171","171"
"229","700","60","6","1","4","false","false","false","false","false","false","false","170","170"
"232","700","60","6","1","4","false","false","false","false","false","false","false","172","172"
"231","700","60","6","1","4","false","false","false","false","false","false","false","179","179"
"230","700","60","6","1","4","false","false","false","false","false","false","false","172","172"
"233","700","60","6","1","4","false","false","false","false","false","false","false","171","171"
"235","700","60","6","1","4","false","false","false","false","false","false","false","171","171"
"234","700","60","6","1","4","false","false","false","false","false","false","false","180","180"
"236","700","60","6","1","4","false","false","false","false","false","false","false","180","180"
"237","700","60","6","1","4","false","false","false","false","false","false","false","174","174"
"238","700","60","6","1","4","false","false","false","false","false","false","false","182","182"
"239","700","60","6","1","4","false","false","false","false","false","false","false","188","188"
"240","700","60","6","1","4","false","false","false","false","false","false","false","179","179"
"241","700","60","6","1","4","false","false","false","false","false","false","false","164","164"
"242","700","60","6","1","4","false","false","false","false","false","false","false","164","164"
"243","700","60","6","1","4","false","false","false","false","false","false","false","170","170"
"245","700","60","6","1","4","false","false","false","false","false","false","false","181","181"
"246","700","60","6","1","4","false","false","false","false","false","false","false","163","163"
"244","700","60","6","1","4","false","false","false","false","false","false","false","165","165"
"247","700","60","6","1","4","false","false","false","false","false","false","false","175","175"
"248","700","60","6","1","4","false","false","false","false","false","false","false","177","177"
"249","700","60","6","1","4","false","false","false","false","false","false","false","172","172"
"252","700","60","6","1","4","false","false","false","false","false","false","false","184","184"
"250","700","60","6","1","4","false","false","false","false","false","false","false","172","172"
"254","700","60","6","1","4","false","false","false","false","false","false","false","178","178"
"251","700","60","6","1","4","false","false","false","false","false","false","false","171","171"
"253","700","60","6","1","4","false","false","false","false","false","false","false","182","182"
"257","700","60","6","1","4","false","false","false","false","false","false","false","172","172"
"256","700","60","6","1","4","false","false","false","false","false","false","false","172","172"
"255","700","60","6","1","4","false","false","false","false","false","false","false","169","169"
"259","700","60","6","1","4","false","false","false","false","false","false","false","163","163"
"260","700","60","6","1","4","false","false","false","false","false","false","false","174","174"
"261","700","60","6","1","4","false","false","false","false","false","false","false","177","177"
"258","700","60","6","1","4","false","false","false","false","false","false","false","181","181"
"263","700","60","6","1","4","false","false","false","false","false","false","false","154","154"
"262","700","60","6","1","4","false","false","false","false","false","false","false","170","170"
"264","700","60","6","1","4","false","false","false","false","false","false","false","179","179"
"265","700","60","6","1","4","false","false","false","false","false","false","false","168","168"
"266","700","60","6","1","4","false","false","false","false","false","false","false","183","183"
"267","700","60","6","1","4","false","false","false","false","false","false","false","189","189"
"268","700","60","6","1","4","false","false","false","false","false","false","false","179","179"
"269","700","60","6","1","4","false","false","false","false","false","false","false","173","173"
"271","700","60","6","1","4","false","false","false","false","false","false","false","168","168"
"272","700","60","6","1","4","false","false","false","false","false","false","false","163","163"
"270","700","60","6","1","4","false","false","false","false","false","false","false","179","179"
"276","700","60","6","1","4","false","false","false","false","false","false","false","168","168"
"274","700","60","6","1","4","false","false","false","false","false","false","false","162","162"
"275","700","60","6","1","4","false","false","false","false","false","false","false","195","195"
"273","700","60","6","1","4","false","false","false","false","false","false","false","180","180"
"277","700","60","6","1","4","false","false","false","false","false","false","false","178","178"
"278","700","60","6","1","4","false","false","false","false","false","false","false","175","175"
"279","700","60","6","1","4","false","false","false","false","false","false","false","163","163"
"280","700","60","6","1","4","false","false","false","false","false","false","false","166","166"
"282","700","60","6","1","4","false","false","false","false","false","false","false","165","165"
"283","700","60","6","1","4","false","false","false","false","false","false","false","185","185"
"281","700","60","6","1","4","false","false","false","false","false","false","false","174","174"
"284","700","60","6","1","4","false","false","false","false","false","false","false","171","171"
"285","700","60","6","1","4","false","false","false","false","false","false","false","163","163"
"287","700","60","6","1","4","false","false","false","false","false","false","false","169","169"
"286","700","60","6","1","4","false","false","false","false","false","false","false","186","186"
"289","700","60","6","1","4","false","false","false","false","false","false","false","162","162"
"290","700","60","6","1","4","false","false","false","false","false","false","false","184","184"
"288","700","60","6","1","4","false","false","false","false","false","false","false","165","165"
"291","700","60","6","1","4","false","false","false","false","false","false","false","178","178"
"292","700","60","6","1","4","false","false","false","false","false","false","false","178","178"
"293","700","60","6","1","4","false","false","false","false","false","false","false","181","181"
"294","700","60","6","1","4","false","false","false","false","false","false","false","164","164"
"295","700","60","6","1","4","false","false","false","false","false","false","false","172","172"
"296","700","60","6","1","4","false","false","false","false","false","false","false","179","179"
"297","700","60","6","1","4","false","false","false","false","false","false","false","176","176"
"298","700","60","6","1","4","false","false","false","false","false","false","false","163","163"
"299","700","60","6","1","4","false","false","false","false","false","false","false","171","171"
"300","700","60","6","1","4","false","false","false","false","false","false","false","179","179"
"301","1400","60","6","0.2","4","false","false","false","false","false","false","false","414","414"
"304","1400","60","6","0.2","4","false","false","false","false","false","false","false","392","392"
"306","1400","60","6","0.2","4","false","false","false","false","false","false","false","394","394"
"303","1400","60","6","0.2","4","false","false","false","false","false","false","false","395","395"
"305","1400","60","6","0.2","4","false","false","false","false","false","false","false","402","402"
"310","1400","60","6","0.2","4","false","false","false","false","false","false","false","407","407"
"308","1400","60","6","0.2","4","false","false","false","false","false","false","false","398","398"
"309","1400","60","6","0.2","4","false","false","false","false","false","false","false","410","410"
"311","1400","60","6","0.2","4","false","false","false","false","false","false","false","421","421"
"312","1400","60","6","0.2","4","false","false","false","false","false","false","false","399","399"
"302","1400","60","6","0.2","4","false","false","false","false","false","false","false","409","409"
"307","1400","60","6","0.2","4","false","false","false","false","false","false","false","413","413"
"317","1400","60","6","0.2","4","false","false","false","false","false","false","false","399","399"
"313","1400","60","6","0.2","4","false","false","false","false","false","false","false","396","396"
"315","1400","60","6","0.2","4","false","false","false","false","false","false","false","400","400"
"316","1400","60","6","0.2","4","false","false","false","false","false","false","false","404","404"
"314","1400","60","6","0.2","4","false","false","false","false","false","false","false","402","402"
"321","1400","60","6","0.2","4","false","false","false","false","false","false","false","395","395"
"318","1400","60","6","0.2","4","false","false","false","false","false","false","false","413","413"
"320","1400","60","6","0.2","4","false","false","false","false","false","false","false","414","414"
"319","1400","60","6","0.2","4","false","false","false","false","false","false","false","408","408"
"322","1400","60","6","0.2","4","false","false","false","false","false","false","false","398","398"
"324","1400","60","6","0.2","4","false","false","false","false","false","false","false","386","386"
"323","1400","60","6","0.2","4","false","false","false","false","false","false","false","394","394"
"327","1400","60","6","0.2","4","false","false","false","false","false","false","false","380","380"
"325","1400","60","6","0.2","4","false","false","false","false","false","false","false","404","404"
"328","1400","60","6","0.2","4","false","false","false","false","false","false","false","404","404"
"329","1400","60","6","0.2","4","false","false","false","false","false","false","false","411","411"
"326","1400","60","6","0.2","4","false","false","false","false","false","false","false","414","414"
"331","1400","60","6","0.2","4","false","false","false","false","false","false","false","406","406"
"332","1400","60","6","0.2","4","false","false","false","false","false","false","false","393","393"
"330","1400","60","6","0.2","4","false","false","false","false","false","false","false","415","415"
"334","1400","60","6","0.2","4","false","false","false","false","false","false","false","388","388"
"333","1400","60","6","0.2","4","false","false","false","false","false","false","false","399","399"
"335","1400","60","6","0.2","4","false","false","false","false","false","false","false","404","404"
"336","1400","60","6","0.2","4","false","false","false","false","false","false","false","388","388"
"337","1400","60","6","0.2","4","false","false","false","false","false","false","false","419","419"
"338","1400","60","6","0.2","4","false","false","false","false","false","false","false","407","407"
"340","1400","60","6","0.2","4","false","false","false","false","false","false","false","396","396"
"339","1400","60","6","0.2","4","false","false","false","false","false","false","false","419","419"
"341","1400","60","6","0.2","4","false","false","false","false","false","false","false","396","396"
"343","1400","60","6","0.2","4","false","false","false","false","false","false","false","404","404"
"342","1400","60","6","0.2","4","false","false","false","false","false","false","false","399","399"
"345","1400","60","6","0.2","4","false","false","false","false","false","false","false","397","397"
"344","1400","60","6","0.2","4","false","false","false","false","false","false","false","387","387"
"346","1400","60","6","0.2","4","false","false","false","false","false","false","false","408","408"
"347","1400","60","6","0.2","4","false","false","false","false","false","false","false","415","415"
"348","1400","60","6","0.2","4","false","false","false","false","false","false","false","390","390"
"350","1400","60","6","0.2","4","false","false","false","false","false","false","false","396","396"
"349","1400","60","6","0.2","4","false","false","false","false","false","false","false","412","412"
"351","1400","60","6","0.2","4","false","false","false","false","false","false","false","391","391"
"352","1400","60","6","0.2","4","false","false","false","false","false","false","false","409","409"
"354","1400","60","6","0.2","4","false","false","false","false","false","false","false","420","420"
"353","1400","60","6","0.2","4","false","false","false","false","false","false","false","409","409"
"355","1400","60","6","0.2","4","false","false","false","false","false","false","false","393","393"
"357","1400","60","6","0.2","4","false","false","false","false","false","false","false","406","406"
"356","1400","60","6","0.2","4","false","false","false","false","false","false","false","412","412"
"358","1400","60","6","0.2","4","false","false","false","false","false","false","false","409","409"
"359","1400","60","6","0.2","4","false","false","false","false","false","false","false","421","421"
"362","1400","60","6","0.2","4","false","false","false","false","false","false","false","404","404"
"361","1400","60","6","0.2","4","false","false","false","false","false","false","false","414","414"
"363","1400","60","6","0.2","4","false","false","false","false","false","false","false","427","427"
"364","1400","60","6","0.2","4","false","false","false","false","false","false","false","395","395"
"360","1400","60","6","0.2","4","false","false","false","false","false","false","false","404","404"
"365","1400","60","6","0.2","4","false","false","false","false","false","false","false","424","424"
"366","1400","60","6","0.2","4","false","false","false","false","false","false","false","413","413"
"368","1400","60","6","0.2","4","false","false","false","false","false","false","false","407","407"
"369","1400","60","6","0.2","4","false","false","false","false","false","false","false","399","399"
"367","1400","60","6","0.2","4","false","false","false","false","false","false","false","417","417"
"370","1400","60","6","0.2","4","false","false","false","false","false","false","false","417","417"
"371","1400","60","6","0.2","4","false","false","false","false","false","false","false","400","400"
"372","1400","60","6","0.2","4","false","false","false","false","false","false","false","392","392"
"373","1400","60","6","0.2","4","false","false","false","false","false","false","false","397","397"
"374","1400","60","6","0.2","4","false","false","false","false","false","false","false","405","405"
"377","1400","60","6","0.2","4","false","false","false","false","false","false","false","384","384"
"375","1400","60","6","0.2","4","false","false","false","false","false","false","false","436","436"
"378","1400","60","6","0.2","4","false","false","false","false","false","false","false","403","403"
"380","1400","60","6","0.2","4","false","false","false","false","false","false","false","395","395"
"379","1400","60","6","0.2","4","false","false","false","false","false","false","false","401","401"
"381","1400","60","6","0.2","4","false","false","false","false","false","false","false","403","403"
"376","1400","60","6","0.2","4","false","false","false","false","false","false","false","405","405"
"382","1400","60","6","0.2","4","false","false","false","false","false","false","false","399","399"
"384","1400","60","6","0.2","4","false","false","false","false","false","false","false","396","396"
"383","1400","60","6","0.2","4","false","false","false","false","false","false","false","383","383"
"385","1400","60","6","0.2","4","false","false","false","false","false","false","false","392","392"
"386","1400","60","6","0.2","4","false","false","false","false","false","false","false","398","398"
"387","1400","60","6","0.2","4","false","false","false","false","false","false","false","392","392"
"388","1400","60","6","0.2","4","false","false","false","false","false","false","false","404","404"
"390","1400","60","6","0.2","4","false","false","false","false","false","false","false","404","404"
"391","1400","60","6","0.2","4","false","false","false","false","false","false","false","392","392"
"389","1400","60","6","0.2","4","false","false","false","false","false","false","false","403","403"
"392","1400","60","6","0.2","4","false","false","false","false","false","false","false","411","411"
"393","1400","60","6","0.2","4","false","false","false","false","false","false","false","404","404"
"394","1400","60","6","0.2","4","false","false","false","false","false","false","false","397","397"
"395","1400","60","6","0.2","4","false","false","false","false","false","false","false","407","407"
"401","1400","60","6","0.6","4","false","false","false","false","false","false","false","312","312"
"397","1400","60","6","0.2","4","false","false","false","false","false","false","false","406","406"
"402","1400","60","6","0.6","4","false","false","false","false","false","false","false","312","312"
"404","1400","60","6","0.6","4","false","false","false","false","false","false","false","289","289"
"403","1400","60","6","0.6","4","false","false","false","false","false","false","false","307","307"
"399","1400","60","6","0.2","4","false","false","false","false","false","false","false","396","396"
"396","1400","60","6","0.2","4","false","false","false","false","false","false","false","417","417"
"398","1400","60","6","0.2","4","false","false","false","false","false","false","false","409","409"
"400","1400","60","6","0.2","4","false","false","false","false","false","false","false","396","396"
"405","1400","60","6","0.6","4","false","false","false","false","false","false","false","288","288"
"407","1400","60","6","0.6","4","false","false","false","false","false","false","false","327","327"
"406","1400","60","6","0.6","4","false","false","false","false","false","false","false","290","290"
"409","1400","60","6","0.6","4","false","false","false","false","false","false","false","306","306"
"408","1400","60","6","0.6","4","false","false","false","false","false","false","false","291","291"
"410","1400","60","6","0.6","4","false","false","false","false","false","false","false","280","280"
"411","1400","60","6","0.6","4","false","false","false","false","false","false","false","307","307"
"412","1400","60","6","0.6","4","false","false","false","false","false","false","false","321","321"
"413","1400","60","6","0.6","4","false","false","false","false","false","false","false","305","305"
"415","1400","60","6","0.6","4","false","false","false","false","false","false","false","319","319"
"414","1400","60","6","0.6","4","false","false","false","false","false","false","false","314","314"
"416","1400","60","6","0.6","4","false","false","false","false","false","false","false","308","308"
"418","1400","60","6","0.6","4","false","false","false","false","false","false","false","312","312"
"419","1400","60","6","0.6","4","false","false","false","false","false","false","false","284","284"
"417","1400","60","6","0.6","4","false","false","false","false","false","false","false","311","311"
"420","1400","60","6","0.6","4","false","false","false","false","false","false","false","296","296"
"421","1400","60","6","0.6","4","false","false","false","false","false","false","false","281","281"
"422","1400","60","6","0.6","4","false","false","false","false","false","false","false","298","298"
"423","1400","60","6","0.6","4","false","false","false","false","false","false","false","324","324"
"424","1400","60","6","0.6","4","false","false","false","false","false","false","false","317","317"
"425","1400","60","6","0.6","4","false","false","false","false","false","false","false","319","319"
"426","1400","60","6","0.6","4","false","false","false","false","false","false","false","334","334"
"427","1400","60","6","0.6","4","false","false","false","false","false","false","false","308","308"
"428","1400","60","6","0.6","4","false","false","false","false","false","false","false","317","317"
"429","1400","60","6","0.6","4","false","false","false","false","false","false","false","304","304"
"430","1400","60","6","0.6","4","false","false","false","false","false","false","false","308","308"
"432","1400","60","6","0.6","4","false","false","false","false","false","false","false","306","306"
"436","1400","60","6","0.6","4","false","false","false","false","false","false","false","324","324"
"434","1400","60","6","0.6","4","false","false","false","false","false","false","false","315","315"
"435","1400","60","6","0.6","4","false","false","false","false","false","false","false","296","296"
"433","1400","60","6","0.6","4","false","false","false","false","false","false","false","321","321"
"437","1400","60","6","0.6","4","false","false","false","false","false","false","false","303","303"
"431","1400","60","6","0.6","4","false","false","false","false","false","false","false","304","304"
"438","1400","60","6","0.6","4","false","false","false","false","false","false","false","299","299"
"440","1400","60","6","0.6","4","false","false","false","false","false","false","false","309","309"
"439","1400","60","6","0.6","4","false","false","false","false","false","false","false","313","313"
"441","1400","60","6","0.6","4","false","false","false","false","false","false","false","305","305"
"443","1400","60","6","0.6","4","false","false","false","false","false","false","false","316","316"
"442","1400","60","6","0.6","4","false","false","false","false","false","false","false","315","315"
"445","1400","60","6","0.6","4","false","false","false","false","false","false","false","302","302"
"446","1400","60","6","0.6","4","false","false","false","false","false","false","false","323","323"
"448","1400","60","6","0.6","4","false","false","false","false","false","false","false","310","310"
"447","1400","60","6","0.6","4","false","false","false","false","false","false","false","304","304"
"444","1400","60","6","0.6","4","false","false","false","false","false","false","false","306","306"
"450","1400","60","6","0.6","4","false","false","false","false","false","false","false","301","301"
"451","1400","60","6","0.6","4","false","false","false","false","false","false","false","325","325"
"449","1400","60","6","0.6","4","false","false","false","false","false","false","false","294","294"
"452","1400","60","6","0.6","4","false","false","false","false","false","false","false","284","284"
"453","1400","60","6","0.6","4","false","false","false","false","false","false","false","306","306"
"454","1400","60","6","0.6","4","false","false","false","false","false","false","false","307","307"
"457","1400","60","6","0.6","4","false","false","false","false","false","false","false","301","301"
"455","1400","60","6","0.6","4","false","false","false","false","false","false","false","314","314"
"456","1400","60","6","0.6","4","false","false","false","false","false","false","false","299","299"
"460","1400","60","6","0.6","4","false","false","false","false","false","false","false","325","325"
"459","1400","60","6","0.6","4","false","false","false","false","false","false","false","326","326"
"458","1400","60","6","0.6","4","false","false","false","false","false","false","false","303","303"
"461","1400","60","6","0.6","4","false","false","false","false","false","false","false","316","316"
"462","1400","60","6","0.6","4","false","false","false","false","false","false","false","320","320"
"465","1400","60","6","0.6","4","false","false","false","false","false","false","false","293","293"
"464","1400","60","6","0.6","4","false","false","false","false","false","false","false","307","307"
"463","1400","60","6","0.6","4","false","false","false","false","false","false","false","302","302"
"466","1400","60","6","0.6","4","false","false","false","false","false","false","false","319","319"
"467","1400","60","6","0.6","4","false","false","false","false","false","false","false","269","269"
"469","1400","60","6","0.6","4","false","false","false","false","false","false","false","291","291"
"472","1400","60","6","0.6","4","false","false","false","false","false","false","false","322","322"
"470","1400","60","6","0.6","4","false","false","false","false","false","false","false","317","317"
"468","1400","60","6","0.6","4","false","false","false","false","false","false","false","320","320"
"471","1400","60","6","0.6","4","false","false","false","false","false","false","false","290","290"
"473","1400","60","6","0.6","4","false","false","false","false","false","false","false","291","291"
"474","1400","60","6","0.6","4","false","false","false","false","false","false","false","324","324"
"475","1400","60","6","0.6","4","false","false","false","false","false","false","false","298","298"
"476","1400","60","6","0.6","4","false","false","false","false","false","false","false","322","322"
"478","1400","60","6","0.6","4","false","false","false","false","false","false","false","283","283"
"477","1400","60","6","0.6","4","false","false","false","false","false","false","false","278","278"
"480","1400","60","6","0.6","4","false","false","false","false","false","false","false","326","326"
"481","1400","60","6","0.6","4","false","false","false","false","false","false","false","313","313"
"479","1400","60","6","0.6","4","false","false","false","false","false","false","false","311","311"
"482","1400","60","6","0.6","4","false","false","false","false","false","false","false","323","323"
"484","1400","60","6","0.6","4","false","false","false","false","false","false","false","300","300"
"483","1400","60","6","0.6","4","false","false","false","false","false","false","false","328","328"
"485","1400","60","6","0.6","4","false","false","false","false","false","false","false","278","278"
"486","1400","60","6","0.6","4","false","false","false","false","false","false","false","288","288"
"487","1400","60","6","0.6","4","false","false","false","false","false","false","false","301","301"
"489","1400","60","6","0.6","4","false","false","false","false","false","false","false","316","316"
"488","1400","60","6","0.6","4","false","false","false","false","false","false","false","285","285"
"492","1400","60","6","0.6","4","false","false","false","false","false","false","false","301","301"
"491","1400","60","6","0.6","4","false","false","false","false","false","false","false","304","304"
"493","1400","60","6","0.6","4","false","false","false","false","false","false","false","281","281"
"495","1400","60","6","0.6","4","false","false","false","false","false","false","false","284","284"
"490","1400","60","6","0.6","4","false","false","false","false","false","false","false","312","312"
"494","1400","60","6","0.6","4","false","false","false","false","false","false","false","286","286"
"496","1400","60","6","0.6","4","false","false","false","false","false","false","false","320","320"
"497","1400","60","6","0.6","4","false","false","false","false","false","false","false","295","295"
"498","1400","60","6","0.6","4","false","false","false","false","false","false","false","313","313"
"499","1400","60","6","0.6","4","false","false","false","false","false","false","false","327","327"
"500","1400","60","6","0.6","4","false","false","false","false","false","false","false","313","313"
"502","1400","60","6","1","4","false","false","false","false","false","false","false","301","301"
"503","1400","60","6","1","4","false","false","false","false","false","false","false","321","321"
"501","1400","60","6","1","4","false","false","false","false","false","false","false","311","311"
"504","1400","60","6","1","4","false","false","false","false","false","false","false","319","319"
"507","1400","60","6","1","4","false","false","false","false","false","false","false","319","319"
"505","1400","60","6","1","4","false","false","false","false","false","false","false","315","315"
"509","1400","60","6","1","4","false","false","false","false","false","false","false","307","307"
"508","1400","60","6","1","4","false","false","false","false","false","false","false","311","311"
"506","1400","60","6","1","4","false","false","false","false","false","false","false","337","337"
"510","1400","60","6","1","4","false","false","false","false","false","false","false","308","308"
"511","1400","60","6","1","4","false","false","false","false","false","false","false","332","332"
"512","1400","60","6","1","4","false","false","false","false","false","false","false","314","314"
"513","1400","60","6","1","4","false","false","false","false","false","false","false","312","312"
"514","1400","60","6","1","4","false","false","false","false","false","false","false","309","309"
"516","1400","60","6","1","4","false","false","false","false","false","false","false","316","316"
"515","1400","60","6","1","4","false","false","false","false","false","false","false","314","314"
"518","1400","60","6","1","4","false","false","false","false","false","false","false","315","315"
"517","1400","60","6","1","4","false","false","false","false","false","false","false","325","325"
"519","1400","60","6","1","4","false","false","false","false","false","false","false","333","333"
"522","1400","60","6","1","4","false","false","false","false","false","false","false","307","307"
"520","1400","60","6","1","4","false","false","false","false","false","false","false","301","301"
"523","1400","60","6","1","4","false","false","false","false","false","false","false","300","300"
"521","1400","60","6","1","4","false","false","false","false","false","false","false","312","312"
"524","1400","60","6","1","4","false","false","false","false","false","false","false","323","323"
"525","1400","60","6","1","4","false","false","false","false","false","false","false","288","288"
"526","1400","60","6","1","4","false","false","false","false","false","false","false","301","301"
"527","1400","60","6","1","4","false","false","false","false","false","false","false","310","310"
"529","1400","60","6","1","4","false","false","false","false","false","false","false","305","305"
"528","1400","60","6","1","4","false","false","false","false","false","false","false","308","308"
"530","1400","60","6","1","4","false","false","false","false","false","false","false","319","319"
"531","1400","60","6","1","4","false","false","false","false","false","false","false","306","306"
"534","1400","60","6","1","4","false","false","false","false","false","false","false","307","307"
"532","1400","60","6","1","4","false","false","false","false","false","false","false","311","311"
"533","1400","60","6","1","4","false","false","false","false","false","false","false","351","351"
"537","1400","60","6","1","4","false","false","false","false","false","false","false","347","347"
"536","1400","60","6","1","4","false","false","false","false","false","false","false","314","314"
"535","1400","60","6","1","4","false","false","false","false","false","false","false","315","315"
"538","1400","60","6","1","4","false","false","false","false","false","false","false","309","309"
"539","1400","60","6","1","4","false","false","false","false","false","false","false","329","329"
"540","1400","60","6","1","4","false","false","false","false","false","false","false","323","323"
"542","1400","60","6","1","4","false","false","false","false","false","false","false","326","326"
"544","1400","60","6","1","4","false","false","false","false","false","false","false","312","312"
"541","1400","60","6","1","4","false","false","false","false","false","false","false","318","318"
"543","1400","60","6","1","4","false","false","false","false","false","false","false","312","312"
"545","1400","60","6","1","4","false","false","false","false","false","false","false","320","320"
"547","1400","60","6","1","4","false","false","false","false","false","false","false","326","326"
"546","1400","60","6","1","4","false","false","false","false","false","false","false","321","321"
"548","1400","60","6","1","4","false","false","false","false","false","false","false","315","315"
"550","1400","60","6","1","4","false","false","false","false","false","false","false","297","297"
"549","1400","60","6","1","4","false","false","false","false","false","false","false","312","312"
"553","1400","60","6","1","4","false","false","false","false","false","false","false","303","303"
"551","1400","60","6","1","4","false","false","false","false","false","false","false","322","322"
"552","1400","60","6","1","4","false","false","false","false","false","false","false","325","325"
"556","1400","60","6","1","4","false","false","false","false","false","false","false","306","306"
"554","1400","60","6","1","4","false","false","false","false","false","false","false","312","312"
"557","1400","60","6","1","4","false","false","false","false","false","false","false","305","305"
"555","1400","60","6","1","4","false","false","false","false","false","false","false","308","308"
"558","1400","60","6","1","4","false","false","false","false","false","false","false","344","344"
"560","1400","60","6","1","4","false","false","false","false","false","false","false","323","323"
"561","1400","60","6","1","4","false","false","false","false","false","false","false","317","317"
"559","1400","60","6","1","4","false","false","false","false","false","false","false","312","312"
"563","1400","60","6","1","4","false","false","false","false","false","false","false","323","323"
"564","1400","60","6","1","4","false","false","false","false","false","false","false","305","305"
"565","1400","60","6","1","4","false","false","false","false","false","false","false","320","320"
"566","1400","60","6","1","4","false","false","false","false","false","false","false","314","314"
"562","1400","60","6","1","4","false","false","false","false","false","false","false","297","297"
"567","1400","60","6","1","4","false","false","false","false","false","false","false","324","324"
"568","1400","60","6","1","4","false","false","false","false","false","false","false","322","322"
"569","1400","60","6","1","4","false","false","false","false","false","false","false","306","306"
"571","1400","60","6","1","4","false","false","false","false","false","false","false","308","308"
"570","1400","60","6","1","4","false","false","false","false","false","false","false","322","322"
"573","1400","60","6","1","4","false","false","false","false","false","false","false","327","327"
"572","1400","60","6","1","4","false","false","false","false","false","false","false","327","327"
"574","1400","60","6","1","4","false","false","false","false","false","false","false","306","306"
"575","1400","60","6","1","4","false","false","false","false","false","false","false","311","311"
"579","1400","60","6","1","4","false","false","false","false","false","false","false","327","327"
"576","1400","60","6","1","4","false","false","false","false","false","false","false","303","303"
"577","1400","60","6","1","4","false","false","false","false","false","false","false","292","292"
"580","1400","60","6","1","4","false","false","false","false","false","false","false","297","297"
"582","1400","60","6","1","4","false","false","false","false","false","false","false","304","304"
"583","1400","60","6","1","4","false","false","false","false","false","false","false","313","313"
"581","1400","60","6","1","4","false","false","false","false","false","false","false","304","304"
"578","1400","60","6","1","4","false","false","false","false","false","false","false","323","323"
"585","1400","60","6","1","4","false","false","false","false","false","false","false","322","322"
"584","1400","60","6","1","4","false","false","false","false","false","false","false","313","313"
"586","1400","60","6","1","4","false","false","false","false","false","false","false","334","334"
"588","1400","60","6","1","4","false","false","false","false","false","false","false","323","323"
"587","1400","60","6","1","4","false","false","false","false","false","false","false","333","333"
"590","1400","60","6","1","4","false","false","false","false","false","false","false","306","306"
"589","1400","60","6","1","4","false","false","false","false","false","false","false","318","318"
"593","1400","60","6","1","4","false","false","false","false","false","false","false","315","315"
"591","1400","60","6","1","4","false","false","false","false","false","false","false","293","293"
"592","1400","60","6","1","4","false","false","false","false","false","false","false","313","313"
"594","1400","60","6","1","4","false","false","false","false","false","false","false","297","297"
"596","1400","60","6","1","4","false","false","false","false","false","false","false","311","311"
"595","1400","60","6","1","4","false","false","false","false","false","false","false","319","319"
"599","1400","60","6","1","4","false","false","false","false","false","false","false","322","322"
"598","1400","60","6","1","4","false","false","false","false","false","false","false","319","319"
"597","1400","60","6","1","4","false","false","false","false","false","false","false","317","317"
"600","1400","60","6","1","4","false","false","false","false","false","false","false","307","307"
"601","2100","60","6","0.2","4","false","false","false","false","false","false","false","519","519"
"603","2100","60","6","0.2","4","false","false","false","false","false","false","false","532","532"
"602","2100","60","6","0.2","4","false","false","false","false","false","false","false","517","517"
"605","2100","60","6","0.2","4","false","false","false","false","false","false","false","508","508"
"604","2100","60","6","0.2","4","false","false","false","false","false","false","false","524","524"
"607","2100","60","6","0.2","4","false","false","false","false","false","false","false","539","539"
"609","2100","60","6","0.2","4","false","false","false","false","false","false","false","523","523"
"606","2100","60","6","0.2","4","false","false","false","false","false","false","false","520","520"
"612","2100","60","6","0.2","4","false","false","false","false","false","false","false","530","530"
"611","2100","60","6","0.2","4","false","false","false","false","false","false","false","507","507"
"610","2100","60","6","0.2","4","false","false","false","false","false","false","false","532","532"
"608","2100","60","6","0.2","4","false","false","false","false","false","false","false","514","514"
"614","2100","60","6","0.2","4","false","false","false","false","false","false","false","516","516"
"616","2100","60","6","0.2","4","false","false","false","false","false","false","false","529","529"
"613","2100","60","6","0.2","4","false","false","false","false","false","false","false","499","499"
"615","2100","60","6","0.2","4","false","false","false","false","false","false","false","515","515"
"617","2100","60","6","0.2","4","false","false","false","false","false","false","false","517","517"
"619","2100","60","6","0.2","4","false","false","false","false","false","false","false","484","484"
"618","2100","60","6","0.2","4","false","false","false","false","false","false","false","531","531"
"621","2100","60","6","0.2","4","false","false","false","false","false","false","false","519","519"
"622","2100","60","6","0.2","4","false","false","false","false","false","false","false","502","502"
"620","2100","60","6","0.2","4","false","false","false","false","false","false","false","511","511"
"623","2100","60","6","0.2","4","false","false","false","false","false","false","false","508","508"
"624","2100","60","6","0.2","4","false","false","false","false","false","false","false","520","520"
"625","2100","60","6","0.2","4","false","false","false","false","false","false","false","540","540"
"626","2100","60","6","0.2","4","false","false","false","false","false","false","false","516","516"
"630","2100","60","6","0.2","4","false","false","false","false","false","false","false","521","521"
"627","2100","60","6","0.2","4","false","false","false","false","false","false","false","514","514"
"628","2100","60","6","0.2","4","false","false","false","false","false","false","false","510","510"
"631","2100","60","6","0.2","4","false","false","false","false","false","false","false","528","528"
"629","2100","60","6","0.2","4","false","false","false","false","false","false","false","526","526"
"632","2100","60","6","0.2","4","false","false","false","false","false","false","false","535","535"
"634","2100","60","6","0.2","4","false","false","false","false","false","false","false","498","498"
"633","2100","60","6","0.2","4","false","false","false","false","false","false","false","520","520"
"635","2100","60","6","0.2","4","false","false","false","false","false","false","false","525","525"
"637","2100","60","6","0.2","4","false","false","false","false","false","false","false","526","526"
"636","2100","60","6","0.2","4","false","false","false","false","false","false","false","545","545"
"638","2100","60","6","0.2","4","false","false","false","false","false","false","false","511","511"
"639","2100","60","6","0.2","4","false","false","false","false","false","false","false","538","538"
"640","2100","60","6","0.2","4","false","false","false","false","false","false","false","496","496"
"642","2100","60","6","0.2","4","false","false","false","false","false","false","false","523","523"
"641","2100","60","6","0.2","4","false","false","false","false","false","false","false","511","511"
"644","2100","60","6","0.2","4","false","false","false","false","false","false","false","531","531"
"643","2100","60","6","0.2","4","false","false","false","false","false","false","false","515","515"
"647","2100","60","6","0.2","4","false","false","false","false","false","false","false","513","513"
"646","2100","60","6","0.2","4","false","false","false","false","false","false","false","527","527"
"645","2100","60","6","0.2","4","false","false","false","false","false","false","false","511","511"
"648","2100","60","6","0.2","4","false","false","false","false","false","false","false","502","502"
"650","2100","60","6","0.2","4","false","false","false","false","false","false","false","522","522"
"651","2100","60","6","0.2","4","false","false","false","false","false","false","false","524","524"
"652","2100","60","6","0.2","4","false","false","false","false","false","false","false","514","514"
"653","2100","60","6","0.2","4","false","false","false","false","false","false","false","530","530"
"649","2100","60","6","0.2","4","false","false","false","false","false","false","false","523","523"
"655","2100","60","6","0.2","4","false","false","false","false","false","false","false","514","514"
"656","2100","60","6","0.2","4","false","false","false","false","false","false","false","509","509"
"654","2100","60","6","0.2","4","false","false","false","false","false","false","false","520","520"
"657","2100","60","6","0.2","4","false","false","false","false","false","false","false","506","506"
"658","2100","60","6","0.2","4","false","false","false","false","false","false","false","518","518"
"659","2100","60","6","0.2","4","false","false","false","false","false","false","false","512","512"
"660","2100","60","6","0.2","4","false","false","false","false","false","false","false","511","511"
"661","2100","60","6","0.2","4","false","false","false","false","false","false","false","534","534"
"662","2100","60","6","0.2","4","false","false","false","false","false","false","false","522","522"
"664","2100","60","6","0.2","4","false","false","false","false","false","false","false","515","515"
"663","2100","60","6","0.2","4","false","false","false","false","false","false","false","526","526"
"666","2100","60","6","0.2","4","false","false","false","false","false","false","false","517","517"
"669","2100","60","6","0.2","4","false","false","false","false","false","false","false","507","507"
"667","2100","60","6","0.2","4","false","false","false","false","false","false","false","532","532"
"668","2100","60","6","0.2","4","false","false","false","false","false","false","false","534","534"
"665","2100","60","6","0.2","4","false","false","false","false","false","false","false","505","505"
"670","2100","60","6","0.2","4","false","false","false","false","false","false","false","525","525"
"671","2100","60","6","0.2","4","false","false","false","false","false","false","false","533","533"
"672","2100","60","6","0.2","4","false","false","false","false","false","false","false","533","533"
"673","2100","60","6","0.2","4","false","false","false","false","false","false","false","522","522"
"674","2100","60","6","0.2","4","false","false","false","false","false","false","false","527","527"
"677","2100","60","6","0.2","4","false","false","false","false","false","false","false","524","524"
"675","2100","60","6","0.2","4","false","false","false","false","false","false","false","505","505"
"676","2100","60","6","0.2","4","false","false","false","false","false","false","false","519","519"
"678","2100","60","6","0.2","4","false","false","false","false","false","false","false","515","515"
"679","2100","60","6","0.2","4","false","false","false","false","false","false","false","527","527"
"680","2100","60","6","0.2","4","false","false","false","false","false","false","false","537","537"
"682","2100","60","6","0.2","4","false","false","false","false","false","false","false","526","526"
"684","2100","60","6","0.2","4","false","false","false","false","false","false","false","512","512"
"683","2100","60","6","0.2","4","false","false","false","false","false","false","false","515","515"
"681","2100","60","6","0.2","4","false","false","false","false","false","false","false","533","533"
"685","2100","60","6","0.2","4","false","false","false","false","false","false","false","515","515"
"686","2100","60","6","0.2","4","false","false","false","false","false","false","false","549","549"
"687","2100","60","6","0.2","4","false","false","false","false","false","false","false","522","522"
"688","2100","60","6","0.2","4","false","false","false","false","false","false","false","519","519"
"689","2100","60","6","0.2","4","false","false","false","false","false","false","false","507","507"
"690","2100","60","6","0.2","4","false","false","false","false","false","false","false","512","512"
"691","2100","60","6","0.2","4","false","false","false","false","false","false","false","533","533"
"692","2100","60","6","0.2","4","false","false","false","false","false","false","false","524","524"
"693","2100","60","6","0.2","4","false","false","false","false","false","false","false","524","524"
"694","2100","60","6","0.2","4","false","false","false","false","false","false","false","515","515"
"697","2100","60","6","0.2","4","false","false","false","false","false","false","false","515","515"
"695","2100","60","6","0.2","4","false","false","false","false","false","false","false","525","525"
"698","2100","60","6","0.2","4","false","false","false","false","false","false","false","517","517"
"701","2100","60","6","0.6","4","false","false","false","false","false","false","false","391","391"
"702","2100","60","6","0.6","4","false","false","false","false","false","false","false","408","408"
"696","2100","60","6","0.2","4","false","false","false","false","false","false","false","531","531"
"699","2100","60","6","0.2","4","false","false","false","false","false","false","false","524","524"
"700","2100","60","6","0.2","4","false","false","false","false","false","false","false","514","514"
"703","2100","60","6","0.6","4","false","false","false","false","false","false","false","393","393"
"706","2100","60","6","0.6","4","false","false","false","false","false","false","false","407","407"
"704","2100","60","6","0.6","4","false","false","false","false","false","false","false","405","405"
"705","2100","60","6","0.6","4","false","false","false","false","false","false","false","398","398"
"707","2100","60","6","0.6","4","false","false","false","false","false","false","false","413","413"
"709","2100","60","6","0.6","4","false","false","false","false","false","false","false","399","399"
"708","2100","60","6","0.6","4","false","false","false","false","false","false","false","384","384"
"711","2100","60","6","0.6","4","false","false","false","false","false","false","false","394","394"
"710","2100","60","6","0.6","4","false","false","false","false","false","false","false","411","411"
"713","2100","60","6","0.6","4","false","false","false","false","false","false","false","380","380"
"715","2100","60","6","0.6","4","false","false","false","false","false","false","false","395","395"
"714","2100","60","6","0.6","4","false","false","false","false","false","false","false","407","407"
"712","2100","60","6","0.6","4","false","false","false","false","false","false","false","401","401"
"716","2100","60","6","0.6","4","false","false","false","false","false","false","false","404","404"
"718","2100","60","6","0.6","4","false","false","false","false","false","false","false","377","377"
"717","2100","60","6","0.6","4","false","false","false","false","false","false","false","418","418"
"719","2100","60","6","0.6","4","false","false","false","false","false","false","false","406","406"
"720","2100","60","6","0.6","4","false","false","false","false","false","false","false","383","383"
"721","2100","60","6","0.6","4","false","false","false","false","false","false","false","392","392"
"722","2100","60","6","0.6","4","false","false","false","false","false","false","false","395","395"
"724","2100","60","6","0.6","4","false","false","false","false","false","false","false","408","408"
"723","2100","60","6","0.6","4","false","false","false","false","false","false","false","400","400"
"726","2100","60","6","0.6","4","false","false","false","false","false","false","false","399","399"
"725","2100","60","6","0.6","4","false","false","false","false","false","false","false","407","407"
"728","2100","60","6","0.6","4","false","false","false","false","false","false","false","401","401"
"732","2100","60","6","0.6","4","false","false","false","false","false","false","false","408","408"
"731","2100","60","6","0.6","4","false","false","false","false","false","false","false","397","397"
"729","2100","60","6","0.6","4","false","false","false","false","false","false","false","392","392"
"730","2100","60","6","0.6","4","false","false","false","false","false","false","false","377","377"
"727","2100","60","6","0.6","4","false","false","false","false","false","false","false","410","410"
"733","2100","60","6","0.6","4","false","false","false","false","false","false","false","382","382"
"734","2100","60","6","0.6","4","false","false","false","false","false","false","false","403","403"
"735","2100","60","6","0.6","4","false","false","false","false","false","false","false","393","393"
"736","2100","60","6","0.6","4","false","false","false","false","false","false","false","401","401"
"737","2100","60","6","0.6","4","false","false","false","false","false","false","false","379","379"
"739","2100","60","6","0.6","4","false","false","false","false","false","false","false","384","384"
"738","2100","60","6","0.6","4","false","false","false","false","false","false","false","414","414"
"740","2100","60","6","0.6","4","false","false","false","false","false","false","false","392","392"
"741","2100","60","6","0.6","4","false","false","false","false","false","false","false","387","387"
"743","2100","60","6","0.6","4","false","false","false","false","false","false","false","408","408"
"742","2100","60","6","0.6","4","false","false","false","false","false","false","false","398","398"
"747","2100","60","6","0.6","4","false","false","false","false","false","false","false","395","395"
"746","2100","60","6","0.6","4","false","false","false","false","false","false","false","417","417"
"744","2100","60","6","0.6","4","false","false","false","false","false","false","false","393","393"
"745","2100","60","6","0.6","4","false","false","false","false","false","false","false","379","379"
"750","2100","60","6","0.6","4","false","false","false","false","false","false","false","398","398"
"749","2100","60","6","0.6","4","false","false","false","false","false","false","false","399","399"
"748","2100","60","6","0.6","4","false","false","false","false","false","false","false","422","422"
"752","2100","60","6","0.6","4","false","false","false","false","false","false","false","400","400"
"751","2100","60","6","0.6","4","false","false","false","false","false","false","false","397","397"
"753","2100","60","6","0.6","4","false","false","false","false","false","false","false","387","387"
"755","2100","60","6","0.6","4","false","false","false","false","false","false","false","393","393"
"754","2100","60","6","0.6","4","false","false","false","false","false","false","false","386","386"
"756","2100","60","6","0.6","4","false","false","false","false","false","false","false","404","404"
"757","2100","60","6","0.6","4","false","false","false","false","false","false","false","410","410"
"760","2100","60","6","0.6","4","false","false","false","false","false","false","false","402","402"
"759","2100","60","6","0.6","4","false","false","false","false","false","false","false","405","405"
"761","2100","60","6","0.6","4","false","false","false","false","false","false","false","383","383"
"763","2100","60","6","0.6","4","false","false","false","false","false","false","false","400","400"
"758","2100","60","6","0.6","4","false","false","false","false","false","false","false","388","388"
"762","2100","60","6","0.6","4","false","false","false","false","false","false","false","407","407"
"765","2100","60","6","0.6","4","false","false","false","false","false","false","false","421","421"
"764","2100","60","6","0.6","4","false","false","false","false","false","false","false","411","411"
"768","2100","60","6","0.6","4","false","false","false","false","false","false","false","384","384"
"766","2100","60","6","0.6","4","false","false","false","false","false","false","false","393","393"
"769","2100","60","6","0.6","4","false","false","false","false","false","false","false","388","388"
"767","2100","60","6","0.6","4","false","false","false","false","false","false","false","376","376"
"770","2100","60","6","0.6","4","false","false","false","false","false","false","false","395","395"
"773","2100","60","6","0.6","4","false","false","false","false","false","false","false","380","380"
"772","2100","60","6","0.6","4","false","false","false","false","false","false","false","388","388"
"771","2100","60","6","0.6","4","false","false","false","false","false","false","false","410","410"
"775","2100","60","6","0.6","4","false","false","false","false","false","false","false","407","407"
"776","2100","60","6","0.6","4","false","false","false","false","false","false","false","386","386"
"774","2100","60","6","0.6","4","false","false","false","false","false","false","false","390","390"
"777","2100","60","6","0.6","4","false","false","false","false","false","false","false","397","397"
"778","2100","60","6","0.6","4","false","false","false","false","false","false","false","387","387"
"780","2100","60","6","0.6","4","false","false","false","false","false","false","false","398","398"
"781","2100","60","6","0.6","4","false","false","false","false","false","false","false","392","392"
"779","2100","60","6","0.6","4","false","false","false","false","false","false","false","387","387"
"782","2100","60","6","0.6","4","false","false","false","false","false","false","false","388","388"
"783","2100","60","6","0.6","4","false","false","false","false","false","false","false","406","406"
"784","2100","60","6","0.6","4","false","false","false","false","false","false","false","402","402"
"785","2100","60","6","0.6","4","false","false","false","false","false","false","false","412","412"
"787","2100","60","6","0.6","4","false","false","false","false","false","false","false","403","403"
"786","2100","60","6","0.6","4","false","false","false","false","false","false","false","404","404"
"789","2100","60","6","0.6","4","false","false","false","false","false","false","false","397","397"
"790","2100","60","6","0.6","4","false","false","false","false","false","false","false","408","408"
"791","2100","60","6","0.6","4","false","false","false","false","false","false","false","389","389"
"794","2100","60","6","0.6","4","false","false","false","false","false","false","false","391","391"
"788","2100","60","6","0.6","4","false","false","false","false","false","false","false","399","399"
"793","2100","60","6","0.6","4","false","false","false","false","false","false","false","407","407"
"792","2100","60","6","0.6","4","false","false","false","false","false","false","false","397","397"
"795","2100","60","6","0.6","4","false","false","false","false","false","false","false","410","410"
"796","2100","60","6","0.6","4","false","false","false","false","false","false","false","387","387"
"798","2100","60","6","0.6","4","false","false","false","false","false","false","false","411","411"
"799","2100","60","6","0.6","4","false","false","false","false","false","false","false","386","386"
"797","2100","60","6","0.6","4","false","false","false","false","false","false","false","417","417"
"800","2100","60","6","0.6","4","false","false","false","false","false","false","false","382","382"
"803","2100","60","6","1","4","false","false","false","false","false","false","false","454","454"
"801","2100","60","6","1","4","false","false","false","false","false","false","false","465","465"
"805","2100","60","6","1","4","false","false","false","false","false","false","false","444","444"
"807","2100","60","6","1","4","false","false","false","false","false","false","false","464","464"
"802","2100","60","6","1","4","false","false","false","false","false","false","false","475","475"
"806","2100","60","6","1","4","false","false","false","false","false","false","false","458","458"
"808","2100","60","6","1","4","false","false","false","false","false","false","false","492","492"
"804","2100","60","6","1","4","false","false","false","false","false","false","false","436","436"
"809","2100","60","6","1","4","false","false","false","false","false","false","false","504","504"
"810","2100","60","6","1","4","false","false","false","false","false","false","false","482","482"
"812","2100","60","6","1","4","false","false","false","false","false","false","false","462","462"
"811","2100","60","6","1","4","false","false","false","false","false","false","false","446","446"
"813","2100","60","6","1","4","false","false","false","false","false","false","false","477","477"
"814","2100","60","6","1","4","false","false","false","false","false","false","false","489","489"
"816","2100","60","6","1","4","false","false","false","false","false","false","false","479","479"
"815","2100","60","6","1","4","false","false","false","false","false","false","false","463","463"
"818","2100","60","6","1","4","false","false","false","false","false","false","false","474","474"
"817","2100","60","6","1","4","false","false","false","false","false","false","false","462","462"
"819","2100","60","6","1","4","false","false","false","false","false","false","false","457","457"
"821","2100","60","6","1","4","false","false","false","false","false","false","false","444","444"
"820","2100","60","6","1","4","false","false","false","false","false","false","false","489","489"
"823","2100","60","6","1","4","false","false","false","false","false","false","false","460","460"
"822","2100","60","6","1","4","false","false","false","false","false","false","false","481","481"
"825","2100","60","6","1","4","false","false","false","false","false","false","false","444","444"
"826","2100","60","6","1","4","false","false","false","false","false","false","false","454","454"
"827","2100","60","6","1","4","false","false","false","false","false","false","false","472","472"
"824","2100","60","6","1","4","false","false","false","false","false","false","false","466","466"
"829","2100","60","6","1","4","false","false","false","false","false","false","false","451","451"
"828","2100","60","6","1","4","false","false","false","false","false","false","false","471","471"
"831","2100","60","6","1","4","false","false","false","false","false","false","false","493","493"
"830","2100","60","6","1","4","false","false","false","false","false","false","false","468","468"
"832","2100","60","6","1","4","false","false","false","false","false","false","false","458","458"
"834","2100","60","6","1","4","false","false","false","false","false","false","false","448","448"
"836","2100","60","6","1","4","false","false","false","false","false","false","false","456","456"
"835","2100","60","6","1","4","false","false","false","false","false","false","false","465","465"
"833","2100","60","6","1","4","false","false","false","false","false","false","false","450","450"
"838","2100","60","6","1","4","false","false","false","false","false","false","false","439","439"
"839","2100","60","6","1","4","false","false","false","false","false","false","false","451","451"
"837","2100","60","6","1","4","false","false","false","false","false","false","false","469","469"
"840","2100","60","6","1","4","false","false","false","false","false","false","false","466","466"
"842","2100","60","6","1","4","false","false","false","false","false","false","false","478","478"
"844","2100","60","6","1","4","false","false","false","false","false","false","false","428","428"
"841","2100","60","6","1","4","false","false","false","false","false","false","false","456","456"
"845","2100","60","6","1","4","false","false","false","false","false","false","false","452","452"
"843","2100","60","6","1","4","false","false","false","false","false","false","false","479","479"
"846","2100","60","6","1","4","false","false","false","false","false","false","false","463","463"
"849","2100","60","6","1","4","false","false","false","false","false","false","false","455","455"
"847","2100","60","6","1","4","false","false","false","false","false","false","false","478","478"
"851","2100","60","6","1","4","false","false","false","false","false","false","false","466","466"
"852","2100","60","6","1","4","false","false","false","false","false","false","false","472","472"
"853","2100","60","6","1","4","false","false","false","false","false","false","false","452","452"
"848","2100","60","6","1","4","false","false","false","false","false","false","false","456","456"
"854","2100","60","6","1","4","false","false","false","false","false","false","false","454","454"
"850","2100","60","6","1","4","false","false","false","false","false","false","false","453","453"
"855","2100","60","6","1","4","false","false","false","false","false","false","false","491","491"
"856","2100","60","6","1","4","false","false","false","false","false","false","false","455","455"
"858","2100","60","6","1","4","false","false","false","false","false","false","false","434","434"
"857","2100","60","6","1","4","false","false","false","false","false","false","false","445","445"
"859","2100","60","6","1","4","false","false","false","false","false","false","false","479","479"
"860","2100","60","6","1","4","false","false","false","false","false","false","false","467","467"
"861","2100","60","6","1","4","false","false","false","false","false","false","false","439","439"
"865","2100","60","6","1","4","false","false","false","false","false","false","false","459","459"
"863","2100","60","6","1","4","false","false","false","false","false","false","false","476","476"
"862","2100","60","6","1","4","false","false","false","false","false","false","false","449","449"
"868","2100","60","6","1","4","false","false","false","false","false","false","false","454","454"
"866","2100","60","6","1","4","false","false","false","false","false","false","false","470","470"
"867","2100","60","6","1","4","false","false","false","false","false","false","false","460","460"
"864","2100","60","6","1","4","false","false","false","false","false","false","false","465","465"
"869","2100","60","6","1","4","false","false","false","false","false","false","false","459","459"
"870","2100","60","6","1","4","false","false","false","false","false","false","false","452","452"
"871","2100","60","6","1","4","false","false","false","false","false","false","false","464","464"
"875","2100","60","6","1","4","false","false","false","false","false","false","false","441","441"
"874","2100","60","6","1","4","false","false","false","false","false","false","false","444","444"
"876","2100","60","6","1","4","false","false","false","false","false","false","false","458","458"
"872","2100","60","6","1","4","false","false","false","false","false","false","false","459","459"
"873","2100","60","6","1","4","false","false","false","false","false","false","false","477","477"
"877","2100","60","6","1","4","false","false","false","false","false","false","false","492","492"
"881","2100","60","6","1","4","false","false","false","false","false","false","false","466","466"
"878","2100","60","6","1","4","false","false","false","false","false","false","false","450","450"
"879","2100","60","6","1","4","false","false","false","false","false","false","false","468","468"
"880","2100","60","6","1","4","false","false","false","false","false","false","false","432","432"
"882","2100","60","6","1","4","false","false","false","false","false","false","false","456","456"
"883","2100","60","6","1","4","false","false","false","false","false","false","false","463","463"
"884","2100","60","6","1","4","false","false","false","false","false","false","false","451","451"
"885","2100","60","6","1","4","false","false","false","false","false","false","false","460","460"
"886","2100","60","6","1","4","false","false","false","false","false","false","false","451","451"
"887","2100","60","6","1","4","false","false","false","false","false","false","false","490","490"
"888","2100","60","6","1","4","false","false","false","false","false","false","false","444","444"
"889","2100","60","6","1","4","false","false","false","false","false","false","false","461","461"
"890","2100","60","6","1","4","false","false","false","false","false","false","false","477","477"
"894","2100","60","6","1","4","false","false","false","false","false","false","false","449","449"
"895","2100","60","6","1","4","false","false","false","false","false","false","false","444","444"
"891","2100","60","6","1","4","false","false","false","false","false","false","false","479","479"
"892","2100","60","6","1","4","false","false","false","false","false","false","false","466","466"
"893","2100","60","6","1","4","false","false","false","false","false","false","false","491","491"
"896","2100","60","6","1","4","false","false","false","false","false","false","false","455","455"
"897","2100","60","6","1","4","false","false","false","false","false","false","false","485","485"
"898","2100","60","6","1","4","false","false","false","false","false","false","false","457","457"
"900","2100","60","6","1","4","false","false","false","false","false","false","false","473","473"
"899","2100","60","6","1","4","false","false","false","false","false","false","false","482","482"
