"[run number]","exit-width","population","obstacles","[step]","ticks"
"4","5","200","false","68","68"
"11","5","200","false","68","68"
"5","5","200","false","68","68"
"10","5","200","false","69","69"
"12","5","200","false","68","68"
"3","5","200","false","72","72"
"7","5","200","false","72","72"
"1","5","200","false","66","66"
"6","5","200","false","70","70"
"9","5","200","false","74","74"
"2","5","200","false","71","71"
"8","5","200","false","74","74"
"13","5","200","false","70","70"
"17","5","200","false","70","70"
"18","5","200","false","71","71"
"14","5","200","false","65","65"
"15","5","200","false","69","69"
"16","5","200","false","73","73"
"19","5","200","false","69","69"
"22","5","200","false","70","70"
"20","5","200","false","66","66"
"21","5","200","false","68","68"
"23","5","200","false","70","70"
"24","5","200","false","70","70"
"26","5","200","false","66","66"
"27","5","200","false","66","66"
"25","5","200","false","67","67"
"29","5","200","false","69","69"
"30","5","200","false","68","68"
"28","5","200","false","71","71"
"32","5","200","false","69","69"
"33","5","200","false","72","72"
"31","5","200","false","69","69"
"34","5","200","false","75","75"
"35","5","200","false","68","68"
"36","5","200","false","67","67"
"37","5","200","false","69","69"
"39","5","200","false","70","70"
"40","5","200","false","67","67"
"38","5","200","false","65","65"
"42","5","200","false","71","71"
"41","5","200","false","71","71"
"44","5","200","false","74","74"
"43","5","200","false","77","77"
"45","5","200","false","70","70"
"46","5","200","false","71","71"
"47","5","200","false","71","71"
"50","5","200","false","68","68"
"49","5","200","false","68","68"
"48","5","200","false","73","73"
"51","5","200","false","80","80"
"52","5","200","false","69","69"
"53","5","200","false","68","68"
"54","5","200","false","73","73"
"55","5","200","false","72","72"
"58","5","200","false","66","66"
"56","5","200","false","71","71"
"57","5","200","false","68","68"
"62","5","200","false","69","69"
"59","5","200","false","71","71"
"61","5","200","false","71","71"
"60","5","200","false","67","67"
"64","5","200","false","67","67"
"63","5","200","false","70","70"
"65","5","200","false","71","71"
"66","5","200","false","66","66"
"67","5","200","false","71","71"
"68","5","200","false","69","69"
"69","5","200","false","72","72"
"73","5","200","false","70","70"
"70","5","200","false","69","69"
"74","5","200","false","73","73"
"72","5","200","false","71","71"
"71","5","200","false","68","68"
"76","5","200","false","67","67"
"75","5","200","false","68","68"
"77","5","200","false","68","68"
"78","5","200","false","70","70"
"79","5","200","false","69","69"
"80","5","200","false","67","67"
"81","5","200","false","69","69"
"82","5","200","false","69","69"
"84","5","200","false","71","71"
"83","5","200","false","69","69"
"85","5","200","false","70","70"
"86","5","200","false","66","66"
"87","5","200","false","72","72"
"88","5","200","false","73","73"
"89","5","200","false","69","69"
"90","5","200","false","70","70"
"92","5","200","false","71","71"
"91","5","200","false","74","74"
"94","5","200","false","67","67"
"95","5","200","false","67","67"
"93","5","200","false","69","69"
"97","5","200","false","69","69"
"96","5","200","false","71","71"
"98","5","200","false","69","69"
"99","5","200","false","69","69"
"100","5","200","false","76","76"
"101","5","200","true","68","68"
"102","5","200","true","67","67"
"103","5","200","true","67","67"
"104","5","200","true","67","67"
"106","5","200","true","67","67"
"105","5","200","true","68","68"
"108","5","200","true","69","69"
"107","5","200","true","68","68"
"109","5","200","true","67","67"
"110","5","200","true","66","66"
"112","5","200","true","67","67"
"111","5","200","true","70","70"
"113","5","200","true","66","66"
"114","5","200","true","70","70"
"115","5","200","true","67","67"
"116","5","200","true","69","69"
"117","5","200","true","67","67"
"119","5","200","true","68","68"
"120","5","200","true","64","64"
"118","5","200","true","68","68"
"123","5","200","true","70","70"
"122","5","200","true","70","70"
"121","5","200","true","69","69"
"124","5","200","true","69","69"
"126","5","200","true","67","67"
"125","5","200","true","69","69"
"128","5","200","true","67","67"
"127","5","200","true","66","66"
"129","5","200","true","64","64"
"130","5","200","true","69","69"
"131","5","200","true","68","68"
"132","5","200","true","69","69"
"133","5","200","true","67","67"
"135","5","200","true","72","72"
"136","5","200","true","67","67"
"134","5","200","true","68","68"
"137","5","200","true","68","68"
"138","5","200","true","67","67"
"140","5","200","true","64","64"
"139","5","200","true","66","66"
"141","5","200","true","69","69"
"142","5","200","true","74","74"
"143","5","200","true","68","68"
"145","5","200","true","67","67"
"144","5","200","true","71","71"
"146","5","200","true","68","68"
"147","5","200","true","70","70"
"148","5","200","true","67","67"
"149","5","200","true","69","69"
"150","5","200","true","66","66"
"151","5","200","true","65","65"
"152","5","200","true","69","69"
"153","5","200","true","69","69"
"154","5","200","true","66","66"
"156","5","200","true","68","68"
"157","5","200","true","69","69"
"155","5","200","true","68","68"
"159","5","200","true","68","68"
"158","5","200","true","74","74"
"160","5","200","true","68","68"
"161","5","200","true","67","67"
"162","5","200","true","70","70"
"163","5","200","true","66","66"
"164","5","200","true","68","68"
"165","5","200","true","66","66"
"166","5","200","true","67","67"
"167","5","200","true","73","73"
"170","5","200","true","70","70"
"168","5","200","true","68","68"
"169","5","200","true","69","69"
"171","5","200","true","68","68"
"172","5","200","true","68","68"
"173","5","200","true","66","66"
"174","5","200","true","66","66"
"175","5","200","true","68","68"
"176","5","200","true","72","72"
"177","5","200","true","67","67"
"178","5","200","true","69","69"
"179","5","200","true","68","68"
"180","5","200","true","67","67"
"181","5","200","true","68","68"
"182","5","200","true","69","69"
"183","5","200","true","70","70"
"184","5","200","true","70","70"
"185","5","200","true","69","69"
"186","5","200","true","73","73"
"187","5","200","true","66","66"
"188","5","200","true","69","69"
"189","5","200","true","66","66"
"190","5","200","true","71","71"
"191","5","200","true","67","67"
"192","5","200","true","67","67"
"193","5","200","true","67","67"
"194","5","200","true","68","68"
"195","5","200","true","68","68"
"196","5","200","true","70","70"
"197","5","200","true","72","72"
"199","5","200","true","66","66"
"200","5","200","true","69","69"
"198","5","200","true","66","66"
"201","5","400","false","109","109"
"202","5","400","false","111","111"
"204","5","400","false","115","115"
"206","5","400","false","107","107"
"203","5","400","false","115","115"
"205","5","400","false","115","115"
"207","5","400","false","105","105"
"210","5","400","false","114","114"
"209","5","400","false","112","112"
"208","5","400","false","119","119"
"211","5","400","false","109","109"
"212","5","400","false","110","110"
"213","5","400","false","111","111"
"215","5","400","false","116","116"
"217","5","400","false","106","106"
"214","5","400","false","115","115"
"218","5","400","false","109","109"
"216","5","400","false","113","113"
"219","5","400","false","112","112"
"220","5","400","false","112","112"
"221","5","400","false","113","113"
"222","5","400","false","108","108"
"223","5","400","false","115","115"
"224","5","400","false","116","116"
"225","5","400","false","114","114"
"227","5","400","false","116","116"
"228","5","400","false","119","119"
"226","5","400","false","116","116"
"230","5","400","false","115","115"
"231","5","400","false","112","112"
"229","5","400","false","108","108"
"232","5","400","false","124","124"
"233","5","400","false","112","112"
"234","5","400","false","113","113"
"235","5","400","false","110","110"
"236","5","400","false","110","110"
"237","5","400","false","107","107"
"238","5","400","false","113","113"
"240","5","400","false","117","117"
"239","5","400","false","113","113"
"241","5","400","false","112","112"
"242","5","400","false","117","117"
"243","5","400","false","111","111"
"244","5","400","false","110","110"
"245","5","400","false","111","111"
"247","5","400","false","111","111"
"246","5","400","false","110","110"
"248","5","400","false","113","113"
"249","5","400","false","107","107"
"251","5","400","false","107","107"
"250","5","400","false","108","108"
"252","5","400","false","113","113"
"253","5","400","false","115","115"
"255","5","400","false","114","114"
"254","5","400","false","109","109"
"256","5","400","false","112","112"
"257","5","400","false","110","110"
"259","5","400","false","113","113"
"258","5","400","false","109","109"
"260","5","400","false","113","113"
"261","5","400","false","113","113"
"262","5","400","false","108","108"
"263","5","400","false","109","109"
"264","5","400","false","112","112"
"265","5","400","false","115","115"
"266","5","400","false","108","108"
"268","5","400","false","110","110"
"267","5","400","false","116","116"
"269","5","400","false","111","111"
"270","5","400","false","112","112"
"271","5","400","false","108","108"
"272","5","400","false","118","118"
"273","5","400","false","110","110"
"275","5","400","false","116","116"
"274","5","400","false","107","107"
"276","5","400","false","110","110"
"277","5","400","false","111","111"
"279","5","400","false","106","106"
"278","5","400","false","108","108"
"280","5","400","false","116","116"
"281","5","400","false","112","112"
"282","5","400","false","114","114"
"283","5","400","false","112","112"
"284","5","400","false","108","108"
"285","5","400","false","109","109"
"287","5","400","false","110","110"
"286","5","400","false","115","115"
"288","5","400","false","110","110"
"290","5","400","false","110","110"
"291","5","400","false","109","109"
"289","5","400","false","107","107"
"292","5","400","false","108","108"
"293","5","400","false","107","107"
"295","5","400","false","109","109"
"294","5","400","false","109","109"
"296","5","400","false","107","107"
"297","5","400","false","115","115"
"299","5","400","false","109","109"
"298","5","400","false","113","113"
"300","5","400","false","109","109"
"301","5","400","true","104","104"
"302","5","400","true","107","107"
"303","5","400","true","107","107"
"304","5","400","true","104","104"
"305","5","400","true","100","100"
"307","5","400","true","102","102"
"308","5","400","true","103","103"
"309","5","400","true","103","103"
"310","5","400","true","107","107"
"311","5","400","true","107","107"
"306","5","400","true","106","106"
"312","5","400","true","105","105"
"313","5","400","true","107","107"
"316","5","400","true","104","104"
"314","5","400","true","112","112"
"315","5","400","true","110","110"
"318","5","400","true","104","104"
"317","5","400","true","104","104"
"319","5","400","true","101","101"
"320","5","400","true","103","103"
"321","5","400","true","102","102"
"322","5","400","true","101","101"
"324","5","400","true","107","107"
"323","5","400","true","100","100"
"325","5","400","true","106","106"
"326","5","400","true","105","105"
"328","5","400","true","108","108"
"327","5","400","true","103","103"
"330","5","400","true","105","105"
"329","5","400","true","105","105"
"332","5","400","true","105","105"
"331","5","400","true","101","101"
"334","5","400","true","105","105"
"333","5","400","true","109","109"
"335","5","400","true","102","102"
"336","5","400","true","105","105"
"337","5","400","true","108","108"
"338","5","400","true","108","108"
"339","5","400","true","104","104"
"340","5","400","true","106","106"
"341","5","400","true","105","105"
"342","5","400","true","104","104"
"343","5","400","true","104","104"
"346","5","400","true","102","102"
"344","5","400","true","104","104"
"345","5","400","true","104","104"
"347","5","400","true","102","102"
"348","5","400","true","99","99"
"349","5","400","true","108","108"
"350","5","400","true","107","107"
"352","5","400","true","104","104"
"351","5","400","true","101","101"
"353","5","400","true","108","108"
"354","5","400","true","102","102"
"356","5","400","true","102","102"
"355","5","400","true","105","105"
"357","5","400","true","102","102"
"358","5","400","true","105","105"
"359","5","400","true","106","106"
"360","5","400","true","103","103"
"361","5","400","true","106","106"
"362","5","400","true","102","102"
"363","5","400","true","103","103"
"364","5","400","true","103","103"
"367","5","400","true","106","106"
"365","5","400","true","104","104"
"368","5","400","true","103","103"
"366","5","400","true","104","104"
"370","5","400","true","104","104"
"371","5","400","true","104","104"
"369","5","400","true","106","106"
"372","5","400","true","103","103"
"373","5","400","true","102","102"
"374","5","400","true","104","104"
"375","5","400","true","103","103"
"376","5","400","true","103","103"
"377","5","400","true","105","105"
"379","5","400","true","106","106"
"378","5","400","true","102","102"
"380","5","400","true","108","108"
"381","5","400","true","102","102"
"382","5","400","true","101","101"
"383","5","400","true","102","102"
"384","5","400","true","99","99"
"385","5","400","true","103","103"
"386","5","400","true","105","105"
"388","5","400","true","105","105"
"387","5","400","true","103","103"
"389","5","400","true","102","102"
"390","5","400","true","106","106"
"391","5","400","true","106","106"
"393","5","400","true","110","110"
"392","5","400","true","103","103"
"394","5","400","true","104","104"
"395","5","400","true","106","106"
"396","5","400","true","104","104"
"397","5","400","true","103","103"
"398","5","400","true","103","103"
"400","5","400","true","102","102"
"399","5","400","true","106","106"
"401","5","600","false","148","148"
"402","5","600","false","158","158"
"403","5","600","false","151","151"
"406","5","600","false","150","150"
"405","5","600","false","146","146"
"404","5","600","false","159","159"
"407","5","600","false","156","156"
"409","5","600","false","150","150"
"408","5","600","false","153","153"
"410","5","600","false","147","147"
"412","5","600","false","150","150"
"411","5","600","false","165","165"
"414","5","600","false","160","160"
"413","5","600","false","156","156"
"416","5","600","false","151","151"
"418","5","600","false","154","154"
"415","5","600","false","157","157"
"417","5","600","false","156","156"
"420","5","600","false","157","157"
"419","5","600","false","166","166"
"421","5","600","false","156","156"
"422","5","600","false","159","159"
"423","5","600","false","153","153"
"424","5","600","false","152","152"
"425","5","600","false","155","155"
"427","5","600","false","153","153"
"426","5","600","false","151","151"
"429","5","600","false","158","158"
"428","5","600","false","160","160"
"430","5","600","false","159","159"
"431","5","600","false","151","151"
"432","5","600","false","160","160"
"433","5","600","false","156","156"
"434","5","600","false","154","154"
"435","5","600","false","152","152"
"436","5","600","false","152","152"
"439","5","600","false","155","155"
"437","5","600","false","155","155"
"438","5","600","false","150","150"
"440","5","600","false","154","154"
"441","5","600","false","155","155"
"442","5","600","false","154","154"
"443","5","600","false","151","151"
"445","5","600","false","152","152"
"444","5","600","false","158","158"
"446","5","600","false","153","153"
"447","5","600","false","160","160"
"448","5","600","false","157","157"
"449","5","600","false","154","154"
"450","5","600","false","155","155"
"451","5","600","false","153","153"
"453","5","600","false","149","149"
"452","5","600","false","160","160"
"454","5","600","false","151","151"
"455","5","600","false","156","156"
"457","5","600","false","153","153"
"456","5","600","false","151","151"
"458","5","600","false","152","152"
"459","5","600","false","154","154"
"460","5","600","false","155","155"
"461","5","600","false","154","154"
"463","5","600","false","153","153"
"462","5","600","false","156","156"
"464","5","600","false","148","148"
"465","5","600","false","157","157"
"467","5","600","false","154","154"
"466","5","600","false","153","153"
"469","5","600","false","150","150"
"468","5","600","false","150","150"
"470","5","600","false","147","147"
"471","5","600","false","158","158"
"472","5","600","false","148","148"
"473","5","600","false","156","156"
"475","5","600","false","154","154"
"474","5","600","false","161","161"
"476","5","600","false","154","154"
"477","5","600","false","153","153"
"478","5","600","false","160","160"
"479","5","600","false","156","156"
"480","5","600","false","150","150"
"481","5","600","false","149","149"
"482","5","600","false","164","164"
"483","5","600","false","153","153"
"484","5","600","false","162","162"
"488","5","600","false","156","156"
"487","5","600","false","153","153"
"486","5","600","false","151","151"
"485","5","600","false","149","149"
"489","5","600","false","152","152"
"490","5","600","false","152","152"
"491","5","600","false","151","151"
"492","5","600","false","151","151"
"493","5","600","false","154","154"
"494","5","600","false","151","151"
"495","5","600","false","160","160"
"496","5","600","false","155","155"
"497","5","600","false","153","153"
"498","5","600","false","148","148"
"499","5","600","false","159","159"
"500","5","600","false","154","154"
"502","5","600","true","145","145"
"501","5","600","true","147","147"
"503","5","600","true","142","142"
"504","5","600","true","144","144"
"505","5","600","true","142","142"
"506","5","600","true","146","146"
"507","5","600","true","156","156"
"508","5","600","true","145","145"
"509","5","600","true","142","142"
"511","5","600","true","147","147"
"510","5","600","true","143","143"
"512","5","600","true","146","146"
"513","5","600","true","148","148"
"514","5","600","true","148","148"
"517","5","600","true","140","140"
"516","5","600","true","156","156"
"515","5","600","true","149","149"
"518","5","600","true","148","148"
"519","5","600","true","149","149"
"520","5","600","true","143","143"
"521","5","600","true","145","145"
"522","5","600","true","143","143"
"523","5","600","true","147","147"
"524","5","600","true","148","148"
"525","5","600","true","148","148"
"526","5","600","true","143","143"
"527","5","600","true","152","152"
"530","5","600","true","146","146"
"528","5","600","true","141","141"
"531","5","600","true","144","144"
"529","5","600","true","159","159"
"532","5","600","true","139","139"
"533","5","600","true","145","145"
"534","5","600","true","145","145"
"535","5","600","true","146","146"
"536","5","600","true","142","142"
"537","5","600","true","141","141"
"538","5","600","true","146","146"
"539","5","600","true","142","142"
"541","5","600","true","151","151"
"540","5","600","true","144","144"
"542","5","600","true","141","141"
"544","5","600","true","145","145"
"543","5","600","true","142","142"
"545","5","600","true","155","155"
"547","5","600","true","147","147"
"546","5","600","true","148","148"
"548","5","600","true","141","141"
"549","5","600","true","149","149"
"550","5","600","true","143","143"
"551","5","600","true","144","144"
"553","5","600","true","143","143"
"552","5","600","true","141","141"
"554","5","600","true","145","145"
"555","5","600","true","145","145"
"557","5","600","true","151","151"
"556","5","600","true","153","153"
"558","5","600","true","144","144"
"559","5","600","true","150","150"
"560","5","600","true","145","145"
"561","5","600","true","143","143"
"562","5","600","true","147","147"
"563","5","600","true","144","144"
"564","5","600","true","142","142"
"565","5","600","true","144","144"
"566","5","600","true","145","145"
"568","5","600","true","147","147"
"567","5","600","true","153","153"
"570","5","600","true","143","143"
"571","5","600","true","150","150"
"569","5","600","true","158","158"
"572","5","600","true","158","158"
"573","5","600","true","145","145"
"574","5","600","true","142","142"
"576","5","600","true","139","139"
"577","5","600","true","144","144"
"575","5","600","true","140","140"
"578","5","600","true","154","154"
"579","5","600","true","150","150"
"582","5","600","true","143","143"
"580","5","600","true","148","148"
"581","5","600","true","148","148"
"583","5","600","true","145","145"
"585","5","600","true","141","141"
"584","5","600","true","145","145"
"586","5","600","true","148","148"
"587","5","600","true","148","148"
"588","5","600","true","142","142"
"589","5","600","true","141","141"
"591","5","600","true","144","144"
"590","5","600","true","150","150"
"592","5","600","true","142","142"
"594","5","600","true","142","142"
"593","5","600","true","141","141"
"595","5","600","true","149","149"
"597","5","600","true","148","148"
"596","5","600","true","144","144"
"598","5","600","true","158","158"
"599","5","600","true","149","149"
"600","5","600","true","146","146"
"601","5","800","false","197","197"
"603","5","800","false","195","195"
"602","5","800","false","192","192"
"605","5","800","false","194","194"
"604","5","800","false","193","193"
"606","5","800","false","192","192"
"607","5","800","false","195","195"
"609","5","800","false","195","195"
"608","5","800","false","190","190"
"610","5","800","false","191","191"
"611","5","800","false","192","192"
"612","5","800","false","201","201"
"613","5","800","false","194","194"
"615","5","800","false","193","193"
"614","5","800","false","196","196"
"616","5","800","false","192","192"
"617","5","800","false","196","196"
"618","5","800","false","192","192"
"620","5","800","false","198","198"
"619","5","800","false","191","191"
"621","5","800","false","194","194"
"622","5","800","false","198","198"
"623","5","800","false","193","193"
"624","5","800","false","201","201"
"626","5","800","false","195","195"
"627","5","800","false","190","190"
"625","5","800","false","194","194"
"628","5","800","false","195","195"
"629","5","800","false","197","197"
"630","5","800","false","200","200"
"631","5","800","false","194","194"
"632","5","800","false","195","195"
"633","5","800","false","197","197"
"634","5","800","false","197","197"
"635","5","800","false","201","201"
"636","5","800","false","199","199"
"637","5","800","false","192","192"
"638","5","800","false","193","193"
"639","5","800","false","192","192"
"640","5","800","false","198","198"
"641","5","800","false","194","194"
"642","5","800","false","191","191"
"643","5","800","false","199","199"
"645","5","800","false","197","197"
"644","5","800","false","196","196"
"646","5","800","false","195","195"
"647","5","800","false","196","196"
"648","5","800","false","194","194"
"649","5","800","false","200","200"
"651","5","800","false","195","195"
"650","5","800","false","204","204"
"652","5","800","false","206","206"
"653","5","800","false","205","205"
"655","5","800","false","191","191"
"654","5","800","false","196","196"
"657","5","800","false","193","193"
"656","5","800","false","197","197"
"659","5","800","false","193","193"
"658","5","800","false","195","195"
"661","5","800","false","202","202"
"660","5","800","false","191","191"
"662","5","800","false","191","191"
"664","5","800","false","190","190"
"663","5","800","false","203","203"
"666","5","800","false","194","194"
"665","5","800","false","199","199"
"667","5","800","false","199","199"
"668","5","800","false","200","200"
"669","5","800","false","197","197"
"670","5","800","false","191","191"
"671","5","800","false","193","193"
"672","5","800","false","195","195"
"673","5","800","false","194","194"
"675","5","800","false","189","189"
"674","5","800","false","193","193"
"676","5","800","false","192","192"
"678","5","800","false","196","196"
"677","5","800","false","195","195"
"679","5","800","false","200","200"
"680","5","800","false","196","196"
"681","5","800","false","193","193"
"682","5","800","false","193","193"
"683","5","800","false","198","198"
"684","5","800","false","202","202"
"685","5","800","false","201","201"
"686","5","800","false","193","193"
"687","5","800","false","194","194"
"689","5","800","false","202","202"
"690","5","800","false","199","199"
"688","5","800","false","204","204"
"691","5","800","false","188","188"
"692","5","800","false","195","195"
"693","5","800","false","196","196"
"694","5","800","false","196","196"
"695","5","800","false","193","193"
"696","5","800","false","200","200"
"698","5","800","false","198","198"
"697","5","800","false","199","199"
"699","5","800","false","194","194"
"700","5","800","false","194","194"
"702","5","800","true","188","188"
"703","5","800","true","184","184"
"705","5","800","true","181","181"
"701","5","800","true","192","192"
"704","5","800","true","192","192"
"706","5","800","true","184","184"
"708","5","800","true","185","185"
"707","5","800","true","196","196"
"709","5","800","true","184","184"
"710","5","800","true","187","187"
"712","5","800","true","195","195"
"711","5","800","true","215","215"
"713","5","800","true","204","204"
"715","5","800","true","184","184"
"714","5","800","true","181","181"
"716","5","800","true","196","196"
"717","5","800","true","191","191"
"719","5","800","true","193","193"
"721","5","800","true","182","182"
"718","5","800","true","214","214"
"720","5","800","true","192","192"
"723","5","800","true","184","184"
"722","5","800","true","201","201"
"724","5","800","true","190","190"
"725","5","800","true","194","194"
"726","5","800","true","184","184"
"727","5","800","true","179","179"
"728","5","800","true","191","191"
"729","5","800","true","185","185"
"732","5","800","true","190","190"
"731","5","800","true","184","184"
"733","5","800","true","182","182"
"730","5","800","true","196","196"
"734","5","800","true","201","201"
"735","5","800","true","201","201"
"736","5","800","true","198","198"
"739","5","800","true","190","190"
"738","5","800","true","201","201"
"737","5","800","true","201","201"
"740","5","800","true","185","185"
"741","5","800","true","195","195"
"742","5","800","true","188","188"
"745","5","800","true","192","192"
"744","5","800","true","183","183"
"743","5","800","true","186","186"
"746","5","800","true","197","197"
"747","5","800","true","196","196"
"748","5","800","true","200","200"
"751","5","800","true","181","181"
"752","5","800","true","186","186"
"750","5","800","true","199","199"
"749","5","800","true","208","208"
"753","5","800","true","194","194"
"754","5","800","true","190","190"
"755","5","800","true","187","187"
"757","5","800","true","187","187"
"756","5","800","true","185","185"
"758","5","800","true","189","189"
"759","5","800","true","190","190"
"760","5","800","true","196","196"
"761","5","800","true","190","190"
"762","5","800","true","186","186"
"763","5","800","true","190","190"
"764","5","800","true","187","187"
"765","5","800","true","186","186"
"766","5","800","true","187","187"
"768","5","800","true","181","181"
"769","5","800","true","187","187"
"767","5","800","true","198","198"
"770","5","800","true","187","187"
"771","5","800","true","182","182"
"774","5","800","true","193","193"
"772","5","800","true","192","192"
"773","5","800","true","180","180"
"776","5","800","true","194","194"
"775","5","800","true","215","215"
"778","5","800","true","190","190"
"777","5","800","true","202","202"
"780","5","800","true","187","187"
"779","5","800","true","191","191"
"781","5","800","true","184","184"
"782","5","800","true","185","185"
"783","5","800","true","184","184"
"784","5","800","true","195","195"
"785","5","800","true","186","186"
"786","5","800","true","188","188"
"788","5","800","true","206","206"
"787","5","800","true","192","192"
"789","5","800","true","181","181"
"791","5","800","true","186","186"
"790","5","800","true","191","191"
"792","5","800","true","189","189"
"793","5","800","true","193","193"
"794","5","800","true","202","202"
"795","5","800","true","189","189"
"796","5","800","true","181","181"
"797","5","800","true","180","180"
"798","5","800","true","195","195"
"800","5","800","true","191","191"
"799","5","800","true","189","189"
"801","5","1000","false","235","235"
"803","5","1000","false","243","243"
"802","5","1000","false","246","246"
"804","5","1000","false","240","240"
"805","5","1000","false","237","237"
"806","5","1000","false","246","246"
"807","5","1000","false","233","233"
"808","5","1000","false","243","243"
"809","5","1000","false","243","243"
"810","5","1000","false","250","250"
"811","5","1000","false","236","236"
"812","5","1000","false","250","250"
"813","5","1000","false","235","235"
"816","5","1000","false","237","237"
"815","5","1000","false","238","238"
"814","5","1000","false","241","241"
"817","5","1000","false","235","235"
"818","5","1000","false","246","246"
"819","5","1000","false","240","240"
"820","5","1000","false","238","238"
"821","5","1000","false","237","237"
"822","5","1000","false","241","241"
"823","5","1000","false","234","234"
"825","5","1000","false","239","239"
"824","5","1000","false","256","256"
"826","5","1000","false","235","235"
"827","5","1000","false","240","240"
"828","5","1000","false","242","242"
"829","5","1000","false","232","232"
"830","5","1000","false","240","240"
"831","5","1000","false","230","230"
"832","5","1000","false","236","236"
"833","5","1000","false","249","249"
"834","5","1000","false","243","243"
"836","5","1000","false","239","239"
"835","5","1000","false","246","246"
"838","5","1000","false","257","257"
"837","5","1000","false","245","245"
"841","5","1000","false","231","231"
"839","5","1000","false","232","232"
"840","5","1000","false","252","252"
"842","5","1000","false","229","229"
"843","5","1000","false","230","230"
"844","5","1000","false","235","235"
"845","5","1000","false","237","237"
"846","5","1000","false","234","234"
"848","5","1000","false","235","235"
"847","5","1000","false","252","252"
"849","5","1000","false","233","233"
"850","5","1000","false","251","251"
"851","5","1000","false","249","249"
"852","5","1000","false","234","234"
"853","5","1000","false","248","248"
"854","5","1000","false","238","238"
"855","5","1000","false","249","249"
"856","5","1000","false","237","237"
"857","5","1000","false","245","245"
"858","5","1000","false","245","245"
"859","5","1000","false","244","244"
"860","5","1000","false","235","235"
"861","5","1000","false","238","238"
"863","5","1000","false","239","239"
"862","5","1000","false","234","234"
"864","5","1000","false","249","249"
"865","5","1000","false","230","230"
"866","5","1000","false","236","236"
"868","5","1000","false","244","244"
"867","5","1000","false","239","239"
"869","5","1000","false","234","234"
"870","5","1000","false","237","237"
"871","5","1000","false","229","229"
"875","5","1000","false","234","234"
"873","5","1000","false","235","235"
"872","5","1000","false","241","241"
"874","5","1000","false","239","239"
"876","5","1000","false","232","232"
"877","5","1000","false","244","244"
"878","5","1000","false","240","240"
"879","5","1000","false","240","240"
"880","5","1000","false","248","248"
"882","5","1000","false","227","227"
"881","5","1000","false","250","250"
"883","5","1000","false","237","237"
"887","5","1000","false","241","241"
"884","5","1000","false","235","235"
"888","5","1000","false","230","230"
"885","5","1000","false","238","238"
"886","5","1000","false","240","240"
"889","5","1000","false","238","238"
"890","5","1000","false","235","235"
"891","5","1000","false","235","235"
"892","5","1000","false","252","252"
"893","5","1000","false","234","234"
"894","5","1000","false","242","242"
"896","5","1000","false","230","230"
"898","5","1000","false","229","229"
"897","5","1000","false","236","236"
"899","5","1000","false","237","237"
"895","5","1000","false","237","237"
"900","5","1000","false","248","248"
"901","5","1000","true","248","248"
"903","5","1000","true","227","227"
"902","5","1000","true","235","235"
"905","5","1000","true","233","233"
"904","5","1000","true","230","230"
"906","5","1000","true","228","228"
"910","5","1000","true","228","228"
"909","5","1000","true","228","228"
"907","5","1000","true","242","242"
"908","5","1000","true","236","236"
"911","5","1000","true","221","221"
"912","5","1000","true","223","223"
"913","5","1000","true","228","228"
"915","5","1000","true","238","238"
"914","5","1000","true","237","237"
"916","5","1000","true","225","225"
"919","5","1000","true","229","229"
"917","5","1000","true","236","236"
"923","5","1000","true","219","219"
"921","5","1000","true","229","229"
"922","5","1000","true","228","228"
"918","5","1000","true","243","243"
"924","5","1000","true","237","237"
"920","5","1000","true","255","255"
"925","5","1000","true","243","243"
"926","5","1000","true","225","225"
"927","5","1000","true","219","219"
"930","5","1000","true","233","233"
"931","5","1000","true","222","222"
"932","5","1000","true","230","230"
"929","5","1000","true","238","238"
"928","5","1000","true","245","245"
"933","5","1000","true","229","229"
"934","5","1000","true","229","229"
"936","5","1000","true","226","226"
"935","5","1000","true","242","242"
"937","5","1000","true","221","221"
"938","5","1000","true","221","221"
"939","5","1000","true","231","231"
"942","5","1000","true","223","223"
"941","5","1000","true","223","223"
"943","5","1000","true","237","237"
"940","5","1000","true","223","223"
"944","5","1000","true","223","223"
"945","5","1000","true","233","233"
"946","5","1000","true","239","239"
"947","5","1000","true","225","225"
"948","5","1000","true","229","229"
"949","5","1000","true","248","248"
"950","5","1000","true","232","232"
"951","5","1000","true","262","262"
"952","5","1000","true","219","219"
"955","5","1000","true","240","240"
"954","5","1000","true","244","244"
"953","5","1000","true","220","220"
"957","5","1000","true","231","231"
"956","5","1000","true","235","235"
"958","5","1000","true","230","230"
"959","5","1000","true","228","228"
"960","5","1000","true","227","227"
"961","5","1000","true","224","224"
"963","5","1000","true","222","222"
"962","5","1000","true","250","250"
"964","5","1000","true","227","227"
"966","5","1000","true","228","228"
"968","5","1000","true","223","223"
"969","5","1000","true","233","233"
"967","5","1000","true","233","233"
"965","5","1000","true","237","237"
"970","5","1000","true","228","228"
"972","5","1000","true","224","224"
"971","5","1000","true","238","238"
"973","5","1000","true","234","234"
"974","5","1000","true","221","221"
"975","5","1000","true","227","227"
"976","5","1000","true","234","234"
"978","5","1000","true","234","234"
"977","5","1000","true","235","235"
"979","5","1000","true","232","232"
"980","5","1000","true","246","246"
"981","5","1000","true","240","240"
"983","5","1000","true","227","227"
"982","5","1000","true","234","234"
"984","5","1000","true","226","226"
"985","5","1000","true","227","227"
"986","5","1000","true","244","244"
"987","5","1000","true","241","241"
"988","5","1000","true","222","222"
"989","5","1000","true","225","225"
"991","5","1000","true","218","218"
"990","5","1000","true","247","247"
"993","5","1000","true","221","221"
"992","5","1000","true","240","240"
"994","5","1000","true","239","239"
"995","5","1000","true","220","220"
"996","5","1000","true","248","248"
"997","5","1000","true","232","232"
"998","5","1000","true","225","225"
"1000","5","1000","true","232","232"
"999","5","1000","true","231","231"
